Shipment_ID,Shipment_Volume,Distance_km,Transport_Mode,Transportation_Cost,Fuel_Price,Traffic_Level,Weather_Condition,Priority,Delivery_Time_Days
SHP100001,62,480.1,Rail,42.28,105.45,High,Clear,Standard,25.03
SHP100002,392,762.6,Rail,77.19,91.04,Medium,Rainy,Standard,25.22
SHP100003,334,903.8,Road,126.13,96.53,Low,Clear,Standard,14.59
SHP100004,231,722.1,Rail,59.88,89.4,Medium,Cloudy,Standard,21.71
SHP100005,228,963.4,Rail,82.2,101.58,Low,Cloudy,Express,22.7
SHP100006,432,783.1,Rail,70.48,106.88,Medium,Rainy,Standard,27.92
SHP100007,61,867.5,Road,96.21,95.64,Medium,Clear,Express,15.45
SHP100008,355,118.5,Road,18.35,89.9,Low,Clear,Standard,12.84
SHP100009,116,733.8,Road,89.97,91.8,Low,Clear,Standard,15.8
SHP100010,65,442.9,Road,55.43,109.54,Medium,Clear,Standard,13.76
SHP100011,273,555.3,Road,70.65,93.03,Low,Cloudy,Standard,14.36
SHP100012,489,655.8,Road,94.52,108.24,High,Clear,Standard,22.98
SHP100013,373,970.0,Air,244.23,94.94,Medium,Clear,Standard,13.59
SHP100014,386,984.7,Road,115.9,90.66,Medium,Clear,Standard,20.71
SHP100015,365,291.8,Air,85.37,106.82,Low,Cloudy,Express,5.89
SHP100016,398,735.1,Rail,77.8,99.06,Medium,Clear,Standard,20.24
SHP100017,266,751.2,Air,170.16,85.94,High,Cloudy,Standard,16.99
SHP100018,81,349.8,Road,47.88,113.8,Low,Clear,Express,8.48
SHP100019,423,128.3,Road,21.16,89.43,Low,Storm,Standard,19.21
SHP100020,236,45.7,Rail,15.0,95.6,Low,Cloudy,Standard,11.37
SHP100021,260,778.5,Sea,45.84,96.54,Medium,Clear,Express,36.07
SHP100022,198,492.3,Road,73.05,99.68,Medium,Clear,Standard,14.56
SHP100023,107,985.6,Rail,72.32,108.56,Medium,Clear,Standard,25.3
SHP100024,465,467.6,Rail,43.06,85.18,Medium,Clear,Standard,21.08
SHP100025,395,978.0,Air,246.19,112.97,Low,Clear,Standard,15.75
SHP100026,329,414.5,Road,57.87,104.38,Low,Rainy,Express,14.86
SHP100027,213,794.7,Road,88.62,113.52,Low,Cloudy,Standard,15.7
SHP100028,415,89.4,Road,32.36,109.52,High,Clear,Standard,17.49
SHP100029,282,557.7,Sea,30.86,112.84,Medium,Cloudy,Standard,37.11
SHP100030,233,803.0,Road,92.05,103.03,Medium,Clear,Standard,19.74
SHP100031,236,925.1,Road,107.56,95.72,Medium,Storm,Standard,23.59
SHP100032,129,823.5,Sea,56.43,98.29,Low,Clear,Standard,34.48
SHP100033,64,41.8,Road,16.59,104.74,Low,Cloudy,Express,7.79
SHP100034,286,375.8,Road,61.76,97.81,Low,Rainy,Standard,17.24
SHP100035,447,53.5,Road,25.0,106.95,High,Clear,Express,11.21
SHP100036,50,113.7,Road,15.0,87.76,Medium,Clear,Standard,13.6
SHP100037,432,676.9,Road,97.98,109.9,Medium,Clear,Standard,18.05
SHP100038,418,714.7,Road,106.45,91.13,Low,Rainy,Standard,15.63
SHP100039,153,774.9,Air,195.81,113.32,Low,Cloudy,Express,3.29
SHP100040,323,866.1,Air,215.19,89.67,Medium,Cloudy,Standard,12.03
SHP100041,99,740.7,Road,75.96,88.87,Medium,Rainy,Standard,19.76
SHP100042,384,801.9,Rail,75.25,109.36,High,Rainy,Express,28.29
SHP100043,356,53.7,Road,35.57,109.56,Medium,Clear,Standard,13.52
SHP100044,190,238.4,Sea,15.0,107.16,Medium,Cloudy,Standard,33.49
SHP100045,52,623.8,Road,64.65,113.82,Medium,Cloudy,Standard,14.63
SHP100046,486,858.8,Rail,91.7,93.12,High,Clear,Standard,27.97
SHP100047,234,9.5,Road,15.0,109.8,Medium,Rainy,Standard,14.24
SHP100048,449,517.1,Rail,50.26,95.56,Medium,Clear,Standard,21.88
SHP100049,346,678.9,Road,101.1,101.12,High,Clear,Express,18.48
SHP100050,394,34.5,Air,28.88,98.37,Low,Rainy,Standard,8.82
SHP100051,385,404.3,Road,57.93,85.18,High,Clear,Standard,18.6
SHP100052,113,896.2,Sea,46.76,102.23,Low,Clear,Express,32.94
SHP100053,195,673.3,Road,98.17,107.43,Medium,Clear,Standard,16.02
SHP100054,244,241.5,Air,65.88,90.24,Medium,Cloudy,Standard,10.58
SHP100055,259,853.5,Air,219.95,112.95,Medium,Rainy,Standard,15.93
SHP100056,41,351.3,Sea,27.49,100.91,Medium,Clear,Standard,32.6
SHP100057,282,854.1,Road,101.35,90.35,Medium,Clear,Standard,20.57
SHP100058,94,302.4,Road,34.17,104.38,Low,Clear,Express,12.29
SHP100059,377,592.4,Road,91.16,90.76,Low,Storm,Express,19.6
SHP100060,348,400.0,Road,68.85,86.91,Low,Clear,Standard,15.01
SHP100061,463,278.5,Rail,28.89,105.56,Medium,Storm,Standard,27.76
SHP100062,378,887.1,Sea,67.58,88.32,Medium,Rainy,Express,40.08
SHP100063,196,191.7,Sea,18.06,88.19,Low,Clear,Standard,30.8
SHP100064,485,89.4,Rail,21.43,107.2,High,Rainy,Express,20.59
SHP100065,217,345.2,Rail,36.57,86.66,Medium,Cloudy,Standard,19.16
SHP100066,176,719.1,Sea,39.36,109.29,Medium,Cloudy,Standard,37.47
SHP100067,455,808.4,Sea,63.11,108.88,Medium,Clear,Express,37.37
SHP100068,198,998.7,Road,111.03,89.24,Low,Rainy,Standard,18.81
SHP100069,56,299.9,Rail,21.55,100.55,Medium,Rainy,Standard,19.73
SHP100070,245,410.9,Air,104.04,87.9,Medium,Rainy,Express,11.14
SHP100071,402,141.1,Road,26.61,103.98,Low,Storm,Standard,17.26
SHP100072,111,577.0,Road,77.96,86.89,High,Clear,Standard,16.46
SHP100073,242,997.6,Sea,71.87,113.33,High,Rainy,Standard,46.05
SHP100074,82,702.4,Sea,53.65,91.23,Medium,Rainy,Standard,37.28
SHP100075,350,597.2,Sea,48.13,105.49,High,Clear,Standard,42.05
SHP100076,248,395.4,Air,97.38,88.85,High,Clear,Standard,14.17
SHP100077,178,915.7,Road,119.45,91.29,Low,Clear,Standard,16.89
SHP100078,129,499.4,Road,56.55,98.53,Medium,Rainy,Express,14.52
SHP100079,291,138.7,Rail,22.31,102.19,Medium,Clear,Standard,17.74
SHP100080,342,368.6,Rail,49.18,114.97,Low,Cloudy,Standard,17.11
SHP100081,472,71.8,Road,20.27,85.78,Low,Clear,Standard,8.81
SHP100082,230,206.0,Rail,30.16,85.01,Low,Clear,Express,14.33
SHP100083,97,22.6,Road,15.0,95.51,Medium,Cloudy,Standard,12.93
SHP100084,420,456.0,Air,132.3,95.98,Medium,Clear,Express,10.41
SHP100085,322,636.4,Road,92.19,111.52,Medium,Rainy,Standard,19.09
SHP100086,356,346.6,Road,64.1,112.38,Low,Clear,Standard,14.5
SHP100087,66,423.3,Road,49.73,111.42,Low,Rainy,Express,11.51
SHP100088,170,959.4,Road,105.09,89.3,Medium,Clear,Express,18.4
SHP100089,389,753.2,Sea,73.3,97.36,Medium,Storm,Standard,44.84
SHP100090,420,543.2,Road,68.77,107.38,High,Cloudy,Standard,21.48
SHP100091,229,288.1,Road,31.69,94.38,High,Clear,Standard,13.66
SHP100092,407,897.5,Air,229.58,104.9,High,Clear,Standard,18.05
SHP100093,424,238.9,Rail,48.0,92.11,High,Clear,Express,21.09
SHP100094,206,328.7,Road,46.41,94.7,High,Cloudy,Express,16.11
SHP100095,451,909.5,Road,129.3,110.81,Medium,Rainy,Standard,26.2
SHP100096,158,531.9,Road,50.85,92.52,Low,Clear,Standard,11.03
SHP100097,135,743.6,Rail,60.42,113.93,Low,Clear,Standard,18.26
SHP100098,348,592.8,Road,67.06,94.19,Medium,Cloudy,Standard,16.35
SHP100099,326,655.2,Road,90.33,85.71,Low,Cloudy,Express,12.85
SHP100100,87,302.9,Road,25.96,92.65,Low,Cloudy,Standard,13.17
SHP100101,420,245.2,Rail,27.86,90.14,High,Clear,Standard,25.48
SHP100102,116,325.9,Road,44.68,100.2,Low,Cloudy,Standard,10.59
SHP100103,407,159.7,Air,62.11,88.38,High,Storm,Express,15.42
SHP100104,23,874.9,Road,96.82,103.78,Medium,Clear,Standard,15.77
SHP100105,403,286.8,Rail,44.28,111.25,Medium,Clear,Standard,21.45
SHP100106,398,563.7,Road,83.22,95.88,Medium,Clear,Standard,19.02
SHP100107,395,793.0,Road,101.92,90.05,Low,Cloudy,Standard,17.21
SHP100108,339,784.9,Road,93.46,97.0,Medium,Clear,Standard,16.34
SHP100109,246,441.2,Air,117.26,108.58,Low,Rainy,Standard,7.78
SHP100110,359,478.9,Sea,47.05,102.74,High,Cloudy,Standard,41.75
SHP100111,153,994.7,Road,120.18,88.03,Low,Cloudy,Standard,18.73
SHP100112,395,676.2,Road,94.49,101.12,Low,Rainy,Express,12.86
SHP100113,287,815.6,Sea,49.44,99.04,Medium,Clear,Standard,38.64
SHP100114,240,903.0,Rail,82.42,94.81,Medium,Rainy,Standard,29.24
SHP100115,263,788.7,Road,96.74,88.3,Medium,Clear,Standard,17.95
SHP100116,293,189.3,Road,31.18,114.43,Medium,Cloudy,Express,14.61
SHP100117,37,564.4,Rail,40.84,90.28,Low,Rainy,Express,19.02
SHP100118,87,106.4,Air,23.36,90.78,Medium,Rainy,Express,4.87
SHP100119,138,654.7,Rail,60.14,89.37,Low,Rainy,Standard,20.76
SHP100120,75,955.6,Sea,46.41,102.11,Low,Clear,Standard,36.51
SHP100121,231,515.2,Road,59.94,98.31,Low,Rainy,Standard,14.44
SHP100122,341,435.8,Road,60.33,92.49,Low,Cloudy,Standard,12.34
SHP100123,334,40.7,Road,30.79,97.88,Low,Cloudy,Standard,13.07
SHP100124,246,960.0,Road,125.05,105.21,Medium,Clear,Standard,18.05
SHP100125,431,107.5,Road,19.59,93.45,Low,Clear,Standard,12.66
SHP100126,291,45.9,Road,27.72,112.46,Low,Cloudy,Standard,9.57
SHP100127,58,249.8,Road,39.24,94.19,Medium,Clear,Standard,12.45
SHP100128,387,70.2,Air,25.22,90.95,Low,Cloudy,Standard,6.52
SHP100129,296,457.8,Road,47.28,113.64,Medium,Rainy,Express,15.41
SHP100130,325,518.5,Road,72.12,109.32,High,Rainy,Standard,24.08
SHP100131,291,316.0,Rail,44.35,95.29,Medium,Clear,Express,13.39
SHP100132,286,55.7,Rail,28.3,110.24,High,Rainy,Standard,24.12
SHP100133,63,116.0,Air,23.43,100.56,Low,Clear,Express,1.0
SHP100134,288,387.6,Air,114.02,95.4,Low,Clear,Express,4.58
SHP100135,402,65.2,Air,17.62,110.19,Medium,Rainy,Standard,11.55
SHP100136,166,699.7,Road,82.92,107.56,Medium,Clear,Express,16.06
SHP100137,309,211.0,Road,33.94,93.94,High,Clear,Standard,15.34
SHP100138,34,305.6,Rail,32.71,103.2,Low,Clear,Standard,12.86
SHP100139,187,397.2,Road,60.88,96.08,Medium,Cloudy,Express,12.12
SHP100140,230,419.5,Road,61.92,85.03,Medium,Rainy,Standard,18.04
SHP100141,492,6.7,Road,15.0,113.85,Low,Clear,Standard,6.84
SHP100142,123,116.5,Road,24.42,101.49,Low,Clear,Standard,9.17
SHP100143,153,863.5,Road,105.94,102.95,High,Cloudy,Standard,23.69
SHP100144,216,6.2,Road,15.0,103.0,Low,Clear,Standard,8.27
SHP100145,497,510.6,Air,125.49,101.52,High,Cloudy,Standard,17.39
SHP100146,430,492.1,Sea,53.06,93.7,Medium,Rainy,Standard,40.35
SHP100147,36,336.4,Road,38.32,114.15,Medium,Rainy,Standard,15.0
SHP100148,132,434.2,Sea,21.14,103.65,Medium,Rainy,Standard,34.52
SHP100149,415,781.7,Road,104.01,105.13,High,Cloudy,Standard,24.13
SHP100150,48,842.0,Sea,50.79,98.64,Low,Rainy,Standard,36.77
SHP100151,431,264.0,Sea,33.0,93.64,Low,Clear,Standard,31.71
SHP100152,155,325.9,Road,31.11,86.93,Medium,Clear,Standard,14.51
SHP100153,461,246.3,Air,90.37,95.51,Medium,Cloudy,Express,10.41
SHP100154,161,482.5,Sea,39.87,90.28,Low,Clear,Express,31.03
SHP100155,228,684.8,Sea,46.24,104.86,Low,Rainy,Standard,38.96
SHP100156,338,232.1,Sea,26.44,111.37,Low,Cloudy,Standard,30.24
SHP100157,80,334.1,Rail,30.78,94.08,Low,Storm,Express,20.27
SHP100158,287,930.7,Road,106.45,94.99,Low,Clear,Express,15.09
SHP100159,262,53.3,Air,26.36,105.11,High,Clear,Standard,12.51
SHP100160,397,463.5,Rail,42.34,89.48,Low,Cloudy,Standard,18.12
SHP100161,499,713.0,Rail,77.27,112.88,High,Clear,Standard,27.06
SHP100162,339,154.7,Road,23.97,95.92,High,Cloudy,Standard,19.83
SHP100163,216,52.1,Rail,15.0,88.04,Low,Cloudy,Express,12.3
SHP100164,215,142.5,Road,36.59,90.24,Medium,Storm,Standard,17.05
SHP100165,221,919.2,Air,224.16,112.98,Medium,Cloudy,Standard,18.86
SHP100166,411,14.2,Road,21.49,92.41,Medium,Clear,Standard,10.57
SHP100167,174,192.4,Air,38.19,104.87,Low,Clear,Express,2.53
SHP100168,100,36.1,Air,15.0,89.68,Low,Cloudy,Standard,4.26
SHP100169,180,115.1,Road,23.78,90.82,Low,Clear,Express,7.96
SHP100170,30,622.0,Road,72.54,111.38,Medium,Clear,Standard,15.25
SHP100171,71,245.4,Road,15.0,89.44,High,Clear,Standard,16.21
SHP100172,63,571.4,Sea,34.06,85.56,Medium,Clear,Standard,35.42
SHP100173,391,592.2,Air,156.37,100.04,Medium,Cloudy,Standard,10.72
SHP100174,367,850.2,Road,120.87,110.88,High,Clear,Express,25.09
SHP100175,355,9.7,Road,15.0,94.78,Medium,Cloudy,Standard,12.48
SHP100176,242,854.1,Road,87.24,88.84,Low,Clear,Standard,17.29
SHP100177,364,621.0,Road,79.51,114.47,High,Cloudy,Standard,21.65
SHP100178,97,166.9,Sea,15.0,105.3,Medium,Clear,Standard,31.89
SHP100179,453,774.1,Air,205.21,110.52,Low,Rainy,Standard,13.27
SHP100180,261,856.2,Road,88.2,107.56,Medium,Clear,Express,14.26
SHP100181,471,258.0,Sea,32.55,105.95,High,Cloudy,Standard,39.89
SHP100182,93,919.2,Road,114.64,96.54,Low,Clear,Standard,15.32
SHP100183,259,457.2,Sea,36.37,94.73,Medium,Clear,Standard,37.91
SHP100184,354,605.4,Road,89.59,106.51,Low,Clear,Standard,12.7
SHP100185,258,984.7,Rail,75.25,106.5,Low,Rainy,Standard,23.81
SHP100186,234,364.7,Sea,20.36,113.52,Low,Rainy,Standard,33.74
SHP100187,99,814.1,Road,104.4,102.06,Medium,Clear,Standard,20.08
SHP100188,203,321.8,Rail,33.58,93.84,High,Clear,Standard,20.95
SHP100189,134,800.2,Sea,50.71,99.69,Low,Cloudy,Express,35.46
SHP100190,165,602.7,Road,66.31,103.41,Low,Cloudy,Express,14.11
SHP100191,348,220.3,Road,40.5,97.8,Low,Clear,Standard,11.1
SHP100192,323,417.0,Rail,38.52,108.73,Low,Rainy,Standard,17.88
SHP100193,312,321.0,Road,57.82,102.54,Medium,Cloudy,Standard,13.01
SHP100194,194,82.7,Road,36.68,85.28,Medium,Cloudy,Standard,14.06
SHP100195,481,34.7,Road,28.86,102.1,Medium,Clear,Standard,10.83
SHP100196,62,349.7,Air,79.06,104.01,Medium,Clear,Standard,8.55
SHP100197,184,23.9,Road,15.0,112.46,Medium,Clear,Express,9.42
SHP100198,76,169.7,Road,15.0,97.41,Low,Rainy,Standard,12.84
SHP100199,183,726.6,Air,186.56,102.23,Low,Clear,Standard,10.14
SHP100200,482,709.6,Rail,67.6,99.25,High,Rainy,Standard,28.56
SHP100201,196,739.9,Air,176.54,100.95,Medium,Rainy,Standard,13.16
SHP100202,457,320.6,Road,59.59,87.02,High,Cloudy,Standard,21.34
SHP100203,258,890.6,Sea,73.09,111.92,High,Clear,Standard,42.61
SHP100204,356,595.9,Rail,60.78,112.31,Medium,Clear,Standard,16.98
SHP100205,240,130.4,Road,22.35,101.44,High,Clear,Express,15.57
SHP100206,147,148.0,Sea,15.31,101.7,Medium,Cloudy,Express,29.64
SHP100207,387,694.6,Road,87.58,86.73,Low,Rainy,Standard,19.28
SHP100208,486,177.1,Road,37.44,102.94,Low,Clear,Express,12.11
SHP100209,146,509.8,Road,65.31,97.87,Low,Rainy,Standard,15.57
SHP100210,394,991.8,Rail,94.66,106.27,Low,Clear,Express,22.51
SHP100211,145,9.0,Road,22.41,86.41,Medium,Clear,Standard,11.15
SHP100212,364,21.5,Road,21.84,106.33,Medium,Clear,Standard,14.91
SHP100213,399,993.1,Road,133.98,93.61,Medium,Cloudy,Standard,19.85
SHP100214,236,586.7,Road,68.19,104.55,Medium,Clear,Standard,16.4
SHP100215,374,131.3,Road,35.05,103.81,Low,Clear,Standard,11.86
SHP100216,150,897.8,Rail,67.55,91.81,Medium,Rainy,Standard,25.62
SHP100217,58,881.0,Road,101.97,98.21,Medium,Cloudy,Standard,20.74
SHP100218,66,538.5,Road,68.11,110.07,Low,Clear,Standard,11.81
SHP100219,235,623.7,Rail,58.1,103.17,Low,Clear,Standard,22.25
SHP100220,454,276.8,Road,67.01,87.06,Low,Cloudy,Express,14.84
SHP100221,81,55.3,Rail,17.77,98.29,Low,Clear,Standard,13.41
SHP100222,239,596.6,Road,83.95,94.35,High,Clear,Express,19.46
SHP100223,358,298.3,Road,54.53,104.25,Medium,Cloudy,Standard,17.41
SHP100224,117,665.3,Road,91.25,103.44,Medium,Clear,Standard,14.42
SHP100225,367,837.1,Road,96.08,85.31,Low,Cloudy,Standard,15.39
SHP100226,167,23.1,Road,19.66,103.23,High,Clear,Standard,17.26
SHP100227,408,597.7,Air,149.74,107.05,Medium,Clear,Standard,12.43
SHP100228,298,235.1,Road,35.7,108.06,Low,Clear,Express,8.81
SHP100229,283,874.5,Rail,79.94,86.77,Medium,Clear,Standard,23.7
SHP100230,105,257.4,Rail,32.36,94.11,Medium,Clear,Express,11.27
SHP100231,242,612.7,Road,69.92,97.64,Medium,Clear,Standard,16.35
SHP100232,432,555.8,Road,75.92,90.39,Low,Rainy,Standard,16.25
SHP100233,29,399.2,Road,45.71,97.62,Medium,Rainy,Standard,17.99
SHP100234,384,679.2,Road,88.94,87.13,Low,Clear,Express,15.23
SHP100235,257,727.1,Road,95.84,88.4,Low,Cloudy,Standard,17.03
SHP100236,366,569.1,Air,171.99,105.06,Low,Cloudy,Standard,10.45
SHP100237,339,759.6,Sea,58.89,92.88,High,Rainy,Standard,43.24
SHP100238,227,983.5,Road,114.5,106.34,Low,Clear,Standard,18.32
SHP100239,168,422.2,Rail,29.0,86.44,Medium,Clear,Express,18.17
SHP100240,321,517.0,Air,131.27,101.88,Low,Clear,Express,8.4
SHP100241,87,17.4,Road,15.0,96.74,High,Clear,Standard,18.24
SHP100242,300,797.0,Air,201.5,108.91,Medium,Clear,Express,8.22
SHP100243,65,522.6,Rail,46.17,108.52,High,Rainy,Express,23.55
SHP100244,332,410.9,Sea,33.99,96.27,Low,Rainy,Standard,34.96
SHP100245,322,98.6,Sea,33.88,103.68,Low,Clear,Standard,30.94
SHP100246,60,890.2,Road,94.02,91.83,Medium,Clear,Standard,18.1
SHP100247,384,398.0,Road,60.42,102.41,Low,Clear,Standard,12.7
SHP100248,220,684.2,Rail,63.97,87.44,High,Clear,Standard,27.42
SHP100249,398,153.6,Road,40.99,98.04,High,Cloudy,Standard,16.47
SHP100250,40,961.7,Road,114.7,90.48,Medium,Clear,Express,14.81
SHP100251,106,182.5,Sea,18.23,111.5,High,Rainy,Express,35.73
SHP100252,257,203.5,Road,41.24,98.35,Medium,Storm,Standard,19.08
SHP100253,110,859.7,Road,95.33,102.72,Low,Cloudy,Standard,14.3
SHP100254,178,913.0,Air,223.66,95.81,Medium,Cloudy,Standard,14.15
SHP100255,337,216.1,Road,45.0,93.66,Low,Cloudy,Standard,11.77
SHP100256,89,472.5,Road,65.73,91.09,High,Clear,Standard,17.27
SHP100257,345,734.8,Sea,46.08,112.36,Low,Clear,Standard,37.79
SHP100258,69,879.0,Road,95.02,108.98,Low,Cloudy,Standard,16.23
SHP100259,104,382.2,Road,51.64,89.0,Medium,Clear,Standard,15.71
SHP100260,302,519.4,Road,52.93,107.4,Low,Rainy,Standard,16.16
SHP100261,401,743.0,Sea,61.99,97.56,Low,Clear,Standard,36.65
SHP100262,102,732.5,Road,90.45,85.46,Medium,Clear,Express,13.98
SHP100263,164,784.0,Road,89.72,100.85,Low,Clear,Standard,15.22
SHP100264,464,572.1,Road,79.53,88.9,Medium,Storm,Standard,25.26
SHP100265,496,109.1,Road,26.61,91.3,Low,Clear,Standard,10.5
SHP100266,299,904.5,Sea,60.62,105.88,Low,Clear,Standard,38.41
SHP100267,235,866.2,Road,101.15,92.71,Low,Clear,Standard,14.96
SHP100268,186,799.1,Sea,49.42,111.76,Medium,Cloudy,Standard,40.57
SHP100269,314,104.4,Road,20.55,104.72,High,Storm,Standard,22.17
SHP100270,304,208.4,Road,35.12,109.97,Low,Clear,Standard,12.45
SHP100271,161,744.9,Sea,46.75,103.46,High,Rainy,Standard,44.78
SHP100272,30,28.0,Road,17.61,111.07,Medium,Clear,Standard,13.0
SHP100273,92,979.3,Road,108.29,95.85,Medium,Cloudy,Standard,17.86
SHP100274,481,380.3,Sea,45.08,101.47,Medium,Clear,Standard,33.97
SHP100275,221,720.7,Road,85.25,100.48,Medium,Clear,Standard,16.45
SHP100276,251,888.1,Rail,75.93,112.11,High,Cloudy,Standard,26.06
SHP100277,244,397.7,Sea,20.12,89.95,Medium,Cloudy,Standard,33.76
SHP100278,396,322.5,Road,42.45,102.34,Medium,Clear,Standard,16.06
SHP100279,51,610.7,Road,61.95,107.63,Low,Rainy,Standard,15.89
SHP100280,59,583.1,Road,67.63,96.1,Low,Storm,Standard,18.58
SHP100281,152,412.1,Road,60.61,111.03,Medium,Clear,Standard,13.77
SHP100282,254,603.8,Road,64.88,96.19,Low,Cloudy,Standard,13.95
SHP100283,342,935.7,Rail,79.89,90.2,Low,Rainy,Standard,27.64
SHP100284,256,470.3,Road,53.92,102.52,Low,Clear,Express,9.76
SHP100285,232,200.8,Rail,23.55,97.62,Low,Rainy,Express,13.59
SHP100286,471,380.3,Road,69.45,85.46,Medium,Clear,Express,15.28
SHP100287,97,397.1,Road,43.89,87.1,Medium,Rainy,Standard,16.43
SHP100288,295,135.5,Road,27.6,90.86,Medium,Clear,Standard,16.28
SHP100289,280,167.1,Air,61.49,108.08,Low,Clear,Standard,4.11
SHP100290,247,686.1,Road,91.41,111.76,Medium,Cloudy,Standard,19.58
SHP100291,408,342.8,Road,50.84,101.37,Medium,Cloudy,Standard,17.89
SHP100292,148,955.1,Sea,58.04,88.17,Medium,Rainy,Standard,41.54
SHP100293,478,247.4,Rail,34.32,101.03,Medium,Storm,Standard,24.54
SHP100294,179,103.4,Road,22.59,110.67,Medium,Clear,Standard,13.15
SHP100295,282,754.7,Sea,58.93,107.48,Medium,Clear,Standard,39.61
SHP100296,270,881.6,Road,98.45,93.73,High,Clear,Standard,20.77
SHP100297,428,281.7,Road,50.84,88.72,Medium,Clear,Express,10.91
SHP100298,231,206.1,Road,32.74,112.02,Medium,Clear,Standard,8.76
SHP100299,156,189.8,Road,32.11,110.62,Medium,Rainy,Standard,16.33
SHP100300,30,524.4,Road,63.45,86.61,Low,Rainy,Express,12.58
SHP100301,194,471.1,Air,121.34,109.71,High,Clear,Standard,13.4
SHP100302,417,263.1,Road,44.95,87.92,Low,Clear,Standard,9.23
SHP100303,24,49.9,Air,18.96,86.9,Low,Cloudy,Standard,1.5
SHP100304,451,484.1,Sea,41.56,107.76,High,Clear,Standard,40.4
SHP100305,281,959.5,Rail,75.57,101.09,Medium,Clear,Standard,23.26
SHP100306,87,654.3,Air,131.7,97.44,Low,Clear,Express,6.37
SHP100307,165,498.0,Air,122.68,112.12,Low,Clear,Express,6.24
SHP100308,286,115.1,Sea,15.0,110.18,Low,Clear,Express,32.45
SHP100309,171,256.2,Road,37.98,86.73,Medium,Rainy,Express,13.94
SHP100310,72,298.3,Road,22.46,103.48,Low,Clear,Standard,12.39
SHP100311,340,766.0,Road,96.28,108.17,High,Cloudy,Express,19.94
SHP100312,343,877.3,Rail,84.79,101.51,High,Cloudy,Standard,25.99
SHP100313,77,902.1,Road,98.1,114.49,Medium,Rainy,Standard,20.47
SHP100314,155,984.6,Rail,84.78,105.58,Medium,Clear,Express,19.21
SHP100315,137,982.5,Road,108.01,88.12,Low,Clear,Express,14.83
SHP100316,337,953.2,Sea,65.64,90.95,Low,Clear,Express,34.83
SHP100317,371,76.5,Road,29.43,109.79,Medium,Clear,Standard,9.4
SHP100318,369,142.1,Road,39.33,114.9,Low,Clear,Standard,13.74
SHP100319,471,307.9,Road,54.97,87.95,Low,Rainy,Standard,14.68
SHP100320,389,555.1,Road,71.54,88.01,Low,Clear,Standard,11.7
SHP100321,174,101.5,Road,15.95,107.9,Low,Clear,Express,8.88
SHP100322,71,846.6,Road,98.57,86.93,Medium,Clear,Express,14.52
SHP100323,315,618.7,Road,73.48,87.06,Medium,Rainy,Standard,21.78
SHP100324,460,544.7,Road,80.64,111.66,High,Rainy,Standard,22.85
SHP100325,489,169.5,Road,38.25,109.01,Medium,Cloudy,Standard,14.07
SHP100326,130,257.0,Road,33.98,111.45,High,Cloudy,Standard,18.34
SHP100327,133,164.5,Road,17.16,104.52,Medium,Cloudy,Standard,13.98
SHP100328,37,852.7,Road,81.59,94.68,High,Cloudy,Express,21.73
SHP100329,87,586.3,Road,73.48,112.19,Medium,Clear,Standard,15.43
SHP100330,286,736.5,Road,99.74,93.96,Low,Cloudy,Express,15.19
SHP100331,283,299.6,Road,32.74,93.27,High,Rainy,Standard,22.25
SHP100332,198,374.4,Air,98.47,111.59,Low,Clear,Express,4.7
SHP100333,169,407.8,Sea,38.06,105.42,Low,Cloudy,Standard,33.04
SHP100334,419,761.2,Sea,66.7,111.87,Low,Clear,Standard,34.49
SHP100335,241,773.5,Road,91.42,89.68,Medium,Cloudy,Standard,19.88
SHP100336,408,210.8,Rail,28.14,113.57,Medium,Clear,Standard,18.67
SHP100337,483,941.8,Road,126.54,103.38,Medium,Cloudy,Express,18.97
SHP100338,172,125.1,Air,38.37,105.04,High,Rainy,Standard,15.52
SHP100339,117,896.6,Air,214.38,112.42,Low,Clear,Standard,8.02
SHP100340,478,104.9,Air,44.3,96.42,Medium,Clear,Standard,10.86
SHP100341,325,268.2,Sea,22.15,106.59,Low,Clear,Standard,32.1
SHP100342,159,847.2,Road,104.02,104.21,High,Clear,Standard,22.79
SHP100343,319,183.6,Air,60.2,108.63,Low,Storm,Standard,11.2
SHP100344,267,416.5,Air,110.21,111.91,Low,Clear,Standard,4.27
SHP100345,455,452.6,Road,71.53,105.4,Medium,Clear,Standard,16.23
SHP100346,143,249.0,Sea,31.24,87.03,Medium,Clear,Express,32.03
SHP100347,496,711.7,Road,94.88,90.49,Medium,Storm,Express,24.59
SHP100348,470,852.1,Sea,79.31,113.62,Medium,Clear,Standard,40.18
SHP100349,106,875.2,Air,203.39,114.06,Medium,Cloudy,Standard,9.77
SHP100350,99,342.6,Road,50.86,114.02,Medium,Clear,Express,8.91
SHP100351,276,533.2,Rail,59.56,86.1,Low,Clear,Standard,21.66
SHP100352,41,252.2,Road,27.36,96.47,Low,Cloudy,Express,6.86
SHP100353,163,248.6,Air,76.53,107.79,Low,Clear,Standard,7.49
SHP100354,229,165.4,Air,51.88,107.59,Low,Cloudy,Standard,3.92
SHP100355,486,940.3,Rail,83.92,87.58,Medium,Clear,Standard,25.07
SHP100356,497,888.5,Sea,69.2,103.28,Medium,Cloudy,Standard,42.85
SHP100357,92,778.5,Road,96.04,89.29,Medium,Rainy,Standard,18.69
SHP100358,448,520.1,Road,83.81,99.8,Medium,Cloudy,Standard,20.52
SHP100359,63,493.2,Road,48.91,92.19,Medium,Clear,Standard,14.77
SHP100360,380,532.1,Road,73.23,86.59,Medium,Cloudy,Express,16.32
SHP100361,426,538.9,Road,78.52,87.4,Low,Storm,Standard,20.6
SHP100362,448,437.4,Road,65.8,112.33,Low,Clear,Standard,14.91
SHP100363,127,136.1,Road,37.39,107.34,Medium,Clear,Standard,14.57
SHP100364,449,130.0,Road,36.48,112.95,Medium,Rainy,Standard,16.2
SHP100365,75,952.5,Sea,55.16,99.1,Low,Clear,Standard,39.64
SHP100366,269,484.6,Road,73.49,97.4,Low,Cloudy,Standard,12.97
SHP100367,245,953.4,Sea,60.1,95.75,Medium,Rainy,Standard,44.25
SHP100368,171,167.8,Road,33.32,103.49,Medium,Clear,Standard,13.24
SHP100369,30,556.6,Road,50.41,95.55,Low,Cloudy,Standard,11.49
SHP100370,391,211.7,Road,38.02,107.39,Medium,Cloudy,Standard,15.18
SHP100371,181,256.9,Road,44.21,109.04,High,Clear,Express,15.25
SHP100372,338,34.9,Road,30.12,111.28,Low,Rainy,Standard,11.03
SHP100373,217,123.4,Road,17.74,92.28,High,Clear,Standard,16.89
SHP100374,199,917.3,Road,103.78,100.81,Low,Clear,Express,14.83
SHP100375,446,324.9,Road,59.24,91.7,Medium,Rainy,Standard,17.98
SHP100376,65,610.1,Rail,42.63,86.13,Medium,Clear,Standard,20.05
SHP100377,374,467.7,Road,66.98,106.23,Low,Rainy,Express,14.29
SHP100378,379,403.4,Air,116.09,101.47,High,Clear,Standard,13.49
SHP100379,202,534.2,Road,64.76,106.72,Medium,Clear,Express,14.01
SHP100380,146,191.3,Sea,15.0,87.63,High,Clear,Standard,35.88
SHP100381,22,988.7,Air,222.22,114.87,Low,Cloudy,Express,14.04
SHP100382,470,819.2,Sea,68.71,114.83,High,Rainy,Express,42.64
SHP100383,475,742.9,Air,179.04,98.95,High,Rainy,Standard,19.4
SHP100384,135,471.4,Road,56.88,110.98,Medium,Storm,Express,18.49
SHP100385,35,157.1,Rail,15.0,92.31,Low,Cloudy,Standard,17.83
SHP100386,79,921.1,Road,117.67,107.13,Medium,Rainy,Standard,19.0
SHP100387,52,344.7,Air,97.56,111.38,Medium,Cloudy,Standard,9.31
SHP100388,419,54.9,Rail,15.67,109.44,High,Rainy,Standard,24.53
SHP100389,449,345.7,Road,60.68,109.35,Medium,Cloudy,Standard,16.87
SHP100390,93,795.5,Sea,41.04,98.89,Low,Rainy,Standard,40.34
SHP100391,379,624.6,Road,84.8,109.6,Low,Clear,Standard,17.1
SHP100392,106,752.1,Rail,74.66,105.72,Medium,Clear,Standard,20.86
SHP100393,196,794.7,Air,186.58,88.97,High,Cloudy,Express,15.63
SHP100394,308,215.9,Road,35.11,88.43,Low,Clear,Standard,7.92
SHP100395,366,924.2,Rail,80.7,108.16,Medium,Clear,Express,22.74
SHP100396,440,440.8,Air,129.54,103.76,High,Storm,Express,17.93
SHP100397,41,640.8,Road,49.56,100.58,Low,Clear,Express,10.98
SHP100398,114,7.3,Road,15.0,112.22,Low,Clear,Standard,5.33
SHP100399,154,993.4,Road,116.83,104.79,Medium,Clear,Express,18.18
SHP100400,169,284.5,Rail,24.14,96.88,Medium,Clear,Express,13.03
SHP100401,500,66.8,Road,35.86,97.42,Low,Cloudy,Express,9.91
SHP100402,393,461.0,Sea,51.75,103.16,High,Rainy,Express,39.41
SHP100403,174,133.4,Sea,15.0,107.81,Medium,Storm,Standard,37.68
SHP100404,487,156.6,Road,53.86,101.93,High,Cloudy,Standard,20.83
SHP100405,260,634.1,Road,71.52,100.26,High,Cloudy,Express,20.76
SHP100406,260,396.0,Rail,50.96,106.81,High,Clear,Standard,25.34
SHP100407,228,922.2,Air,224.55,106.16,Medium,Rainy,Express,17.24
SHP100408,89,322.6,Road,36.6,109.91,Low,Clear,Standard,9.49
SHP100409,469,727.5,Road,96.36,86.88,Medium,Clear,Standard,21.48
SHP100410,26,463.8,Road,52.66,107.65,Low,Storm,Standard,15.69
SHP100411,103,661.7,Sea,42.54,100.41,Medium,Rainy,Standard,40.89
SHP100412,130,601.7,Road,64.06,87.24,Low,Clear,Express,10.62
SHP100413,154,475.4,Sea,31.95,105.37,Medium,Cloudy,Standard,34.71
SHP100414,83,950.3,Road,104.11,106.5,Low,Clear,Standard,17.27
SHP100415,28,346.0,Sea,15.0,100.71,Low,Clear,Standard,32.77
SHP100416,345,181.3,Road,30.07,108.81,Low,Clear,Express,10.55
SHP100417,486,679.7,Road,87.77,94.01,Medium,Clear,Standard,18.98
SHP100418,78,846.8,Sea,45.63,91.06,Medium,Cloudy,Standard,39.32
SHP100419,162,45.1,Sea,15.0,95.52,Low,Clear,Standard,30.19
SHP100420,263,452.4,Road,62.2,97.3,High,Cloudy,Standard,20.71
SHP100421,466,893.0,Road,134.07,105.88,High,Clear,Express,23.27
SHP100422,353,750.9,Road,84.57,110.37,Low,Rainy,Express,17.14
SHP100423,388,991.8,Road,131.16,106.63,Medium,Cloudy,Standard,23.01
SHP100424,299,533.8,Road,71.17,90.22,Medium,Rainy,Standard,16.34
SHP100425,220,661.7,Sea,51.47,95.99,Low,Clear,Standard,34.75
SHP100426,116,306.0,Road,43.27,89.75,Medium,Cloudy,Standard,11.75
SHP100427,435,947.8,Air,237.48,105.6,Low,Rainy,Standard,15.93
SHP100428,406,369.5,Road,59.57,92.45,High,Clear,Standard,22.26
SHP100429,32,739.8,Road,77.72,100.76,High,Clear,Standard,19.8
SHP100430,364,406.1,Rail,51.84,108.75,High,Clear,Express,22.27
SHP100431,60,564.0,Road,52.17,105.13,Medium,Clear,Standard,16.52
SHP100432,375,721.2,Rail,75.53,93.95,Medium,Clear,Standard,19.34
SHP100433,417,511.4,Road,74.34,94.99,High,Clear,Standard,19.88
SHP100434,83,907.6,Sea,51.08,104.6,Low,Clear,Standard,36.97
SHP100435,228,422.2,Air,105.86,101.48,Low,Cloudy,Standard,2.81
SHP100436,79,648.8,Sea,36.55,87.89,Medium,Clear,Standard,34.92
SHP100437,292,345.7,Road,61.02,111.22,Low,Clear,Standard,14.0
SHP100438,466,411.1,Road,88.86,100.38,Low,Cloudy,Express,14.17
SHP100439,58,442.8,Road,59.79,99.2,Low,Clear,Express,10.31
SHP100440,211,130.2,Rail,15.07,90.95,Medium,Clear,Express,16.3
SHP100441,488,96.3,Road,36.89,96.31,Low,Clear,Standard,11.41
SHP100442,164,669.2,Road,85.03,94.98,Low,Clear,Standard,15.17
SHP100443,83,657.2,Road,68.65,93.12,Low,Clear,Standard,13.14
SHP100444,255,664.6,Road,76.02,102.02,Medium,Clear,Standard,17.39
SHP100445,264,24.7,Road,15.0,98.87,High,Clear,Express,12.61
SHP100446,338,329.9,Road,57.92,111.68,Low,Storm,Express,18.89
SHP100447,170,201.8,Road,19.1,113.24,Medium,Rainy,Standard,18.09
SHP100448,479,779.3,Rail,73.64,91.58,Medium,Clear,Standard,26.28
SHP100449,270,861.3,Road,108.83,88.0,Low,Clear,Standard,15.8
SHP100450,157,250.4,Road,35.33,108.56,High,Clear,Standard,15.43
SHP100451,481,669.5,Rail,83.76,114.85,Medium,Rainy,Express,25.96
SHP100452,464,133.7,Air,42.04,110.91,Medium,Rainy,Standard,11.97
SHP100453,260,278.8,Road,58.04,85.71,Low,Clear,Standard,11.93
SHP100454,31,143.0,Rail,15.0,92.54,Low,Clear,Standard,12.34
SHP100455,307,287.1,Sea,15.0,86.3,High,Clear,Standard,39.43
SHP100456,287,676.4,Rail,64.53,109.62,Medium,Rainy,Standard,22.93
SHP100457,91,910.8,Sea,46.69,102.44,High,Rainy,Express,44.8
SHP100458,324,206.5,Air,61.82,100.41,High,Clear,Standard,14.44
SHP100459,424,544.4,Road,78.63,101.63,Low,Cloudy,Standard,18.16
SHP100460,70,702.9,Road,78.05,92.57,Medium,Clear,Standard,17.71
SHP100461,367,953.2,Rail,82.69,103.05,Medium,Cloudy,Standard,23.28
SHP100462,87,612.0,Sea,38.88,85.92,Medium,Rainy,Standard,39.44
SHP100463,380,258.8,Road,43.57,104.38,Low,Clear,Standard,15.5
SHP100464,221,627.4,Road,87.57,107.03,Low,Clear,Standard,12.71
SHP100465,23,323.9,Rail,24.4,105.19,Medium,Cloudy,Standard,18.14
SHP100466,484,976.2,Road,121.43,94.96,Medium,Clear,Express,21.58
SHP100467,99,402.7,Air,86.05,109.79,Medium,Rainy,Standard,12.4
SHP100468,306,687.0,Road,89.02,106.47,Low,Clear,Express,17.39
SHP100469,107,28.1,Air,15.0,88.85,Low,Rainy,Standard,4.39
SHP100470,468,403.1,Sea,33.04,90.85,High,Clear,Standard,38.92
SHP100471,375,875.7,Rail,86.96,104.11,Medium,Clear,Standard,26.28
SHP100472,406,612.2,Rail,50.97,93.68,Medium,Clear,Standard,20.05
SHP100473,227,446.7,Air,121.82,88.58,Medium,Clear,Standard,9.31
SHP100474,244,936.3,Air,225.51,89.65,Medium,Clear,Standard,13.89
SHP100475,325,854.7,Sea,59.61,89.97,Medium,Cloudy,Express,40.3
SHP100476,397,325.6,Road,46.39,99.33,Medium,Clear,Standard,16.08
SHP100477,427,546.8,Rail,65.93,103.22,High,Clear,Standard,26.4
SHP100478,28,492.4,Road,54.45,90.29,High,Clear,Express,15.75
SHP100479,339,634.0,Sea,46.13,106.37,High,Clear,Standard,43.96
SHP100480,72,337.4,Rail,29.5,93.43,Medium,Rainy,Express,25.48
SHP100481,158,248.0,Road,22.33,94.35,Medium,Rainy,Express,15.01
SHP100482,418,913.1,Road,106.29,91.7,Medium,Clear,Express,18.43
SHP100483,140,924.3,Road,101.71,108.56,High,Rainy,Express,21.41
SHP100484,403,844.1,Air,217.05,113.79,Medium,Cloudy,Standard,13.8
SHP100485,242,978.3,Road,118.44,99.77,Medium,Storm,Standard,25.99
SHP100486,131,746.3,Road,93.28,86.26,Medium,Clear,Express,14.31
SHP100487,180,765.8,Sea,42.68,92.82,Medium,Clear,Express,36.13
SHP100488,275,763.8,Air,190.5,89.74,Medium,Clear,Standard,15.69
SHP100489,388,483.2,Road,70.81,110.28,Low,Rainy,Standard,18.78
SHP100490,311,459.2,Road,56.76,87.55,Medium,Cloudy,Standard,16.25
SHP100491,468,244.0,Sea,37.86,113.99,Medium,Clear,Standard,33.17
SHP100492,437,646.6,Air,168.26,102.66,Low,Clear,Standard,12.32
SHP100493,382,292.9,Rail,34.78,100.53,High,Cloudy,Express,21.89
SHP100494,310,261.5,Road,43.55,110.42,Medium,Rainy,Express,11.86
SHP100495,159,588.0,Road,69.26,85.83,Low,Clear,Standard,14.71
SHP100496,218,412.9,Road,54.84,108.31,High,Cloudy,Standard,21.35
SHP100497,77,222.8,Air,51.31,88.5,Medium,Clear,Standard,2.74
SHP100498,199,817.0,Road,91.36,110.22,Medium,Clear,Standard,16.81
SHP100499,465,861.3,Road,116.34,100.88,Medium,Cloudy,Standard,20.69
SHP100500,224,171.9,Air,43.55,86.83,High,Rainy,Standard,15.29
SHP100501,74,12.5,Sea,15.0,110.0,Medium,Storm,Standard,36.64
SHP100502,333,339.4,Air,90.4,85.82,Medium,Clear,Standard,7.89
SHP100503,483,798.5,Road,112.98,89.15,Low,Clear,Standard,18.36
SHP100504,437,840.0,Road,114.86,108.93,Medium,Clear,Standard,18.94
SHP100505,151,142.6,Road,18.73,98.95,Medium,Clear,Standard,13.0
SHP100506,238,775.5,Road,93.79,111.44,Medium,Clear,Standard,16.18
SHP100507,275,120.1,Rail,25.93,104.06,Medium,Clear,Standard,14.77
SHP100508,139,393.1,Road,33.01,103.71,High,Clear,Standard,19.47
SHP100509,149,998.6,Rail,85.94,93.77,Medium,Clear,Standard,24.44
SHP100510,133,196.6,Sea,15.0,89.01,Low,Clear,Standard,32.02
SHP100511,498,158.2,Sea,21.64,113.84,High,Rainy,Express,38.54
SHP100512,378,425.7,Road,59.23,88.14,Medium,Clear,Standard,14.45
SHP100513,424,621.6,Road,102.76,100.87,High,Cloudy,Standard,24.87
SHP100514,412,933.2,Road,131.66,93.18,High,Rainy,Standard,24.61
SHP100515,481,980.9,Road,133.1,92.92,High,Cloudy,Express,26.13
SHP100516,70,74.3,Road,15.0,102.84,Medium,Clear,Express,11.28
SHP100517,444,142.3,Road,22.85,108.94,Medium,Clear,Standard,15.17
SHP100518,52,791.8,Air,186.87,108.32,Low,Cloudy,Standard,8.8
SHP100519,248,274.3,Road,38.1,111.06,Medium,Cloudy,Standard,13.17
SHP100520,305,885.4,Sea,55.61,93.79,Medium,Clear,Standard,39.54
SHP100521,192,665.1,Road,82.75,98.97,Medium,Clear,Standard,14.65
SHP100522,90,116.3,Road,15.0,85.28,High,Cloudy,Standard,14.68
SHP100523,112,833.4,Road,104.03,107.41,Low,Clear,Express,14.47
SHP100524,416,180.5,Road,24.81,94.07,Medium,Cloudy,Express,13.78
SHP100525,173,426.4,Road,55.37,101.84,Medium,Clear,Standard,12.88
SHP100526,169,554.4,Sea,30.84,90.08,Medium,Clear,Express,35.41
SHP100527,464,503.3,Road,74.34,109.58,Low,Rainy,Standard,18.03
SHP100528,89,687.7,Road,83.09,109.52,Low,Clear,Standard,16.54
SHP100529,460,654.4,Rail,63.44,111.32,High,Cloudy,Express,26.51
SHP100530,462,992.1,Road,128.37,86.38,Medium,Clear,Standard,22.99
SHP100531,307,999.4,Rail,90.24,114.77,Low,Clear,Standard,23.21
SHP100532,99,518.9,Road,56.12,92.43,Low,Rainy,Standard,17.03
SHP100533,94,99.7,Air,23.75,94.28,Medium,Clear,Standard,3.7
SHP100534,156,729.2,Road,85.05,92.48,Low,Clear,Standard,14.5
SHP100535,297,976.8,Road,114.08,93.03,Medium,Rainy,Standard,22.88
SHP100536,93,321.7,Rail,28.46,101.58,Medium,Cloudy,Standard,18.2
SHP100537,239,463.9,Sea,33.6,92.19,Low,Cloudy,Standard,34.92
SHP100538,75,427.7,Road,45.87,96.81,Medium,Clear,Standard,15.21
SHP100539,279,56.2,Rail,27.95,104.67,Low,Clear,Standard,14.71
SHP100540,30,673.9,Road,79.74,110.08,Low,Cloudy,Standard,14.03
SHP100541,361,356.6,Road,53.2,105.78,High,Clear,Standard,17.86
SHP100542,46,788.5,Road,90.27,102.83,Medium,Clear,Standard,18.98
SHP100543,113,833.0,Air,187.73,89.43,High,Rainy,Express,17.77
SHP100544,104,822.1,Road,93.61,109.48,Low,Clear,Standard,13.49
SHP100545,419,419.6,Air,111.96,86.12,Low,Clear,Express,5.65
SHP100546,45,324.9,Road,28.58,92.93,Medium,Clear,Express,8.11
SHP100547,226,750.1,Sea,52.14,86.71,Medium,Clear,Standard,38.34
SHP100548,304,802.4,Air,195.5,105.02,High,Cloudy,Express,15.63
SHP100549,268,493.8,Road,63.5,96.05,Low,Rainy,Express,13.11
SHP100550,347,893.6,Road,110.74,104.56,High,Clear,Standard,26.39
SHP100551,406,148.2,Road,55.15,95.41,High,Clear,Standard,15.58
SHP100552,209,879.7,Sea,52.92,98.67,Medium,Cloudy,Express,39.31
SHP100553,418,100.6,Road,15.37,98.74,Low,Clear,Express,12.41
SHP100554,172,157.8,Rail,15.0,86.37,Medium,Clear,Standard,18.66
SHP100555,493,536.2,Road,86.26,97.91,Low,Rainy,Express,15.65
SHP100556,262,72.2,Air,37.81,104.23,Medium,Cloudy,Express,3.46
SHP100557,374,57.5,Road,18.4,101.38,Medium,Clear,Express,8.26
SHP100558,440,5.5,Road,29.34,87.26,High,Storm,Express,20.29
SHP100559,401,439.1,Sea,47.83,105.04,Medium,Clear,Standard,35.38
SHP100560,429,775.8,Road,102.43,94.27,Medium,Rainy,Standard,20.71
SHP100561,278,39.7,Air,19.7,85.43,Medium,Cloudy,Standard,6.63
SHP100562,40,654.0,Road,73.65,89.67,Medium,Cloudy,Standard,16.54
SHP100563,257,824.0,Road,108.34,99.93,High,Rainy,Standard,26.22
SHP100564,107,172.2,Sea,16.87,94.31,Low,Cloudy,Express,26.79
SHP100565,447,151.1,Rail,26.89,105.83,High,Clear,Express,19.14
SHP100566,133,861.5,Rail,68.04,92.22,High,Clear,Standard,26.46
SHP100567,129,824.0,Road,111.66,108.18,High,Cloudy,Standard,22.35
SHP100568,139,541.2,Road,66.85,93.59,Medium,Cloudy,Standard,19.4
SHP100569,329,820.1,Road,111.7,103.63,High,Clear,Standard,23.35
SHP100570,294,97.3,Rail,24.48,108.98,Low,Cloudy,Standard,12.54
SHP100571,476,397.5,Road,66.79,96.57,Medium,Cloudy,Standard,17.61
SHP100572,220,739.1,Road,89.95,86.4,Low,Clear,Standard,16.08
SHP100573,155,261.2,Road,42.04,101.06,Low,Clear,Express,8.42
SHP100574,43,753.6,Road,92.1,114.86,Medium,Clear,Standard,14.73
SHP100575,23,506.7,Road,60.05,114.07,Low,Clear,Standard,15.02
SHP100576,199,751.5,Road,85.51,91.63,Medium,Clear,Standard,15.82
SHP100577,465,467.4,Sea,50.05,107.67,High,Clear,Standard,42.27
SHP100578,271,371.1,Rail,39.21,95.35,Low,Clear,Express,15.07
SHP100579,449,223.1,Road,42.13,89.81,Medium,Clear,Express,13.46
SHP100580,68,212.3,Rail,37.95,104.98,Low,Cloudy,Standard,17.93
SHP100581,64,752.7,Air,165.23,100.03,Medium,Clear,Standard,12.36
SHP100582,420,123.3,Road,39.2,101.18,Medium,Storm,Standard,18.96
SHP100583,71,90.6,Road,15.0,109.82,Medium,Rainy,Standard,15.86
SHP100584,44,180.4,Road,22.57,95.1,Medium,Cloudy,Standard,11.54
SHP100585,214,179.5,Road,47.53,105.01,High,Storm,Standard,23.53
SHP100586,464,824.0,Air,203.0,95.99,High,Rainy,Standard,18.84
SHP100587,351,401.5,Sea,31.71,86.28,Medium,Clear,Standard,34.18
SHP100588,67,990.4,Road,111.11,96.34,Medium,Cloudy,Standard,19.87
SHP100589,422,141.5,Air,45.99,113.5,Medium,Clear,Standard,8.7
SHP100590,425,655.3,Road,97.33,99.5,Low,Cloudy,Standard,13.47
SHP100591,405,451.5,Rail,47.28,88.25,High,Clear,Standard,25.52
SHP100592,454,396.0,Air,116.53,105.63,Low,Clear,Standard,6.57
SHP100593,135,875.7,Road,95.53,113.9,High,Clear,Standard,24.54
SHP100594,491,975.7,Road,119.16,112.24,Low,Storm,Standard,24.61
SHP100595,174,873.5,Rail,72.12,102.16,Low,Clear,Express,16.65
SHP100596,405,196.3,Sea,17.9,96.29,High,Clear,Express,36.59
SHP100597,298,224.7,Road,48.86,102.42,High,Clear,Standard,16.05
SHP100598,394,657.8,Road,80.63,109.48,High,Clear,Express,22.07
SHP100599,321,292.6,Road,40.0,110.84,High,Rainy,Standard,21.13
SHP100600,329,736.1,Rail,74.32,109.57,Medium,Rainy,Standard,25.27
SHP100601,316,568.6,Rail,52.61,98.66,Low,Clear,Standard,19.71
SHP100602,394,553.2,Air,133.07,88.57,Low,Clear,Standard,7.29
SHP100603,375,829.4,Air,222.26,102.08,Medium,Clear,Standard,11.6
SHP100604,84,712.0,Sea,34.46,89.69,Low,Clear,Express,33.35
SHP100605,417,31.4,Air,24.53,86.83,High,Rainy,Standard,12.02
SHP100606,277,54.2,Road,16.96,99.96,Low,Cloudy,Standard,8.44
SHP100607,175,603.6,Rail,58.68,104.66,Low,Clear,Standard,19.64
SHP100608,267,488.8,Road,70.06,110.62,Low,Cloudy,Standard,14.93
SHP100609,485,263.9,Road,45.51,108.49,Low,Clear,Standard,10.36
SHP100610,432,421.6,Sea,41.25,110.72,Low,Cloudy,Standard,33.81
SHP100611,421,759.1,Rail,75.47,107.8,Medium,Cloudy,Standard,22.7
SHP100612,242,827.5,Sea,62.65,106.1,Low,Cloudy,Express,38.36
SHP100613,397,563.4,Road,70.0,85.3,Medium,Cloudy,Standard,19.44
SHP100614,205,388.4,Rail,52.78,103.78,High,Rainy,Standard,25.1
SHP100615,350,274.3,Road,39.98,88.61,Medium,Clear,Express,13.31
SHP100616,327,524.3,Road,70.94,86.76,Medium,Clear,Standard,14.07
SHP100617,140,318.2,Road,32.53,89.69,Medium,Clear,Standard,12.4
SHP100618,148,566.3,Rail,41.14,109.7,Low,Cloudy,Standard,18.72
SHP100619,49,678.3,Road,71.69,107.32,Low,Cloudy,Standard,15.24
SHP100620,87,70.7,Sea,15.0,113.46,High,Cloudy,Standard,36.23
SHP100621,228,6.1,Road,15.0,114.37,Medium,Cloudy,Standard,12.54
SHP100622,249,216.2,Road,28.64,111.8,Low,Clear,Standard,10.9
SHP100623,99,895.0,Air,213.2,88.99,Medium,Cloudy,Standard,13.35
SHP100624,220,648.1,Road,77.18,111.35,High,Cloudy,Standard,21.15
SHP100625,310,176.1,Sea,17.74,110.16,Medium,Clear,Standard,33.03
SHP100626,131,890.8,Air,210.01,111.13,Medium,Clear,Standard,13.37
SHP100627,182,472.6,Road,66.14,89.55,High,Clear,Standard,19.82
SHP100628,196,478.7,Rail,45.13,88.5,Medium,Clear,Standard,20.09
SHP100629,262,935.9,Rail,83.66,112.71,Medium,Rainy,Standard,24.89
SHP100630,196,64.2,Air,15.0,90.21,Low,Rainy,Express,2.75
SHP100631,374,219.1,Air,59.05,96.06,Low,Cloudy,Standard,7.46
SHP100632,177,587.8,Air,134.05,98.68,High,Clear,Standard,17.1
SHP100633,228,199.5,Rail,33.92,88.73,Medium,Cloudy,Standard,18.56
SHP100634,202,681.1,Road,85.77,85.62,Medium,Cloudy,Standard,17.14
SHP100635,107,218.0,Rail,15.78,114.82,Medium,Clear,Standard,17.37
SHP100636,349,103.7,Sea,17.69,111.3,Low,Rainy,Express,29.71
SHP100637,133,211.0,Rail,16.55,112.37,High,Clear,Standard,23.3
SHP100638,162,425.6,Rail,32.46,93.54,Low,Clear,Standard,16.92
SHP100639,401,180.3,Road,40.8,91.6,High,Clear,Standard,16.66
SHP100640,476,139.0,Air,51.32,97.78,Medium,Clear,Express,6.07
SHP100641,342,861.0,Sea,77.07,98.6,Low,Rainy,Standard,39.29
SHP100642,460,323.8,Road,64.11,85.17,Low,Clear,Standard,15.1
SHP100643,430,364.0,Road,69.17,108.38,High,Clear,Standard,19.21
SHP100644,251,60.0,Rail,20.67,114.9,Low,Clear,Express,12.18
SHP100645,390,360.6,Road,54.32,100.86,Low,Clear,Standard,13.78
SHP100646,177,268.5,Rail,32.11,96.65,Medium,Clear,Express,14.56
SHP100647,241,612.4,Road,75.37,96.78,Medium,Clear,Express,14.99
SHP100648,277,209.4,Road,46.4,87.88,Medium,Cloudy,Standard,14.63
SHP100649,481,888.9,Rail,89.89,92.98,Low,Clear,Express,17.76
SHP100650,428,930.0,Rail,90.86,100.06,High,Rainy,Standard,32.19
SHP100651,255,104.3,Rail,20.14,97.96,Low,Clear,Standard,14.25
SHP100652,333,111.9,Air,52.93,101.35,Low,Cloudy,Standard,5.84
SHP100653,117,119.7,Rail,15.0,110.47,Low,Rainy,Express,14.55
SHP100654,406,621.5,Air,173.06,91.76,Low,Clear,Standard,10.1
SHP100655,286,126.4,Rail,20.69,85.83,Low,Clear,Standard,16.96
SHP100656,276,853.1,Rail,64.2,86.15,Low,Rainy,Standard,21.75
SHP100657,388,755.5,Rail,67.2,89.03,Low,Clear,Standard,20.14
SHP100658,324,820.7,Road,93.65,102.11,Medium,Cloudy,Express,18.87
SHP100659,54,528.4,Road,66.11,109.25,High,Clear,Standard,19.71
SHP100660,158,996.7,Rail,76.91,111.6,Low,Clear,Standard,22.33
SHP100661,105,49.0,Sea,15.0,104.05,Low,Cloudy,Express,32.49
SHP100662,373,404.3,Rail,54.81,97.09,High,Rainy,Express,25.93
SHP100663,36,327.3,Road,32.24,89.64,High,Clear,Standard,18.97
SHP100664,117,948.9,Rail,73.99,97.04,Medium,Rainy,Standard,25.68
SHP100665,307,579.0,Road,67.8,94.97,Low,Cloudy,Standard,13.35
SHP100666,354,807.2,Air,200.66,111.1,Medium,Clear,Standard,12.95
SHP100667,262,174.5,Air,69.93,99.6,Low,Clear,Standard,6.18
SHP100668,434,978.7,Rail,96.77,91.79,Low,Clear,Standard,23.61
SHP100669,462,501.1,Rail,55.88,93.66,Medium,Clear,Express,20.11
SHP100670,83,496.2,Road,52.95,89.09,Medium,Cloudy,Standard,15.21
SHP100671,478,971.0,Road,130.46,112.56,Medium,Clear,Express,18.46
SHP100672,315,383.8,Sea,35.16,86.51,Medium,Clear,Express,33.28
SHP100673,326,400.5,Air,102.68,85.39,Low,Cloudy,Standard,9.33
SHP100674,65,586.8,Road,70.07,90.49,Low,Cloudy,Standard,15.19
SHP100675,319,132.4,Road,22.49,109.33,Medium,Cloudy,Standard,12.01
SHP100676,369,324.5,Road,45.64,100.7,High,Cloudy,Express,18.97
SHP100677,299,197.2,Road,37.89,103.78,Low,Clear,Standard,9.77
SHP100678,60,107.8,Road,15.0,95.73,Medium,Cloudy,Standard,12.87
SHP100679,271,866.8,Road,110.4,87.06,Low,Clear,Standard,16.22
SHP100680,470,591.4,Sea,54.84,110.68,Low,Clear,Express,36.42
SHP100681,367,361.9,Road,42.86,90.76,Medium,Clear,Standard,14.48
SHP100682,86,411.6,Road,48.76,85.99,Low,Cloudy,Standard,12.66
SHP100683,481,434.4,Road,57.82,102.18,Medium,Cloudy,Standard,18.28
SHP100684,481,635.0,Road,94.76,87.5,Medium,Clear,Standard,16.71
SHP100685,101,927.1,Air,213.79,87.87,Low,Rainy,Express,11.3
SHP100686,405,933.1,Road,135.51,109.01,Low,Rainy,Express,18.21
SHP100687,215,394.5,Air,107.89,99.75,Low,Clear,Express,3.75
SHP100688,305,332.6,Air,82.28,92.25,High,Cloudy,Standard,13.14
SHP100689,234,453.8,Road,45.89,95.46,Medium,Clear,Standard,17.14
SHP100690,396,570.1,Rail,56.08,106.88,Medium,Storm,Standard,27.14
SHP100691,499,464.5,Sea,38.25,86.99,Low,Clear,Standard,35.77
SHP100692,402,660.5,Road,102.0,88.49,Medium,Clear,Standard,18.51
SHP100693,467,556.6,Road,82.56,103.49,Low,Clear,Express,10.56
SHP100694,475,324.1,Sea,45.94,103.21,Medium,Clear,Standard,36.84
SHP100695,63,349.0,Sea,21.02,114.17,Medium,Cloudy,Standard,32.28
SHP100696,141,381.7,Rail,33.43,96.24,Medium,Clear,Express,17.67
SHP100697,367,99.2,Rail,23.47,86.95,Low,Clear,Standard,14.04
SHP100698,303,170.2,Road,40.14,101.13,Low,Cloudy,Standard,11.48
SHP100699,44,724.5,Air,171.4,104.15,Low,Rainy,Express,7.14
SHP100700,65,392.2,Road,37.82,89.19,Medium,Rainy,Standard,16.78
SHP100701,270,218.5,Road,47.61,101.59,High,Clear,Standard,18.98
SHP100702,316,564.9,Rail,53.51,90.93,Low,Clear,Standard,17.3
SHP100703,100,756.8,Sea,44.5,110.34,Medium,Clear,Express,34.6
SHP100704,102,261.1,Air,45.36,110.05,Medium,Rainy,Standard,10.91
SHP100705,82,827.7,Road,98.83,97.89,Low,Cloudy,Standard,16.77
SHP100706,291,927.9,Road,118.47,114.0,Low,Cloudy,Standard,13.85
SHP100707,23,599.4,Sea,36.43,114.39,Low,Rainy,Standard,39.57
SHP100708,295,670.6,Sea,45.85,88.88,Medium,Clear,Express,36.87
SHP100709,248,57.3,Rail,15.0,96.03,Medium,Cloudy,Standard,18.36
SHP100710,244,945.8,Rail,79.9,103.01,Medium,Clear,Standard,23.84
SHP100711,346,395.5,Road,61.33,87.55,High,Clear,Standard,16.21
SHP100712,271,924.3,Road,117.69,96.48,Medium,Clear,Standard,20.69
SHP100713,370,581.1,Road,78.12,92.84,High,Clear,Standard,20.15
SHP100714,387,9.6,Road,25.14,113.56,Medium,Rainy,Standard,15.96
SHP100715,462,43.3,Road,24.98,97.35,High,Clear,Standard,16.57
SHP100716,404,682.0,Air,172.59,107.88,High,Rainy,Standard,19.88
SHP100717,269,564.9,Road,75.25,96.6,Medium,Cloudy,Express,13.89
SHP100718,256,31.4,Road,15.0,88.95,High,Cloudy,Express,15.96
SHP100719,133,744.7,Rail,65.09,110.89,High,Rainy,Standard,26.49
SHP100720,308,852.9,Road,94.33,85.01,Medium,Clear,Standard,22.95
SHP100721,86,498.9,Road,50.23,86.68,Medium,Clear,Standard,18.62
SHP100722,467,468.4,Rail,41.63,95.93,Medium,Clear,Standard,23.94
SHP100723,426,10.4,Road,19.1,105.61,High,Clear,Standard,18.63
SHP100724,77,787.7,Rail,73.06,95.25,Medium,Rainy,Express,22.43
SHP100725,398,334.1,Sea,34.6,86.99,High,Clear,Express,39.6
SHP100726,76,879.4,Road,103.7,94.54,Medium,Clear,Standard,17.91
SHP100727,366,376.2,Sea,53.05,92.35,High,Clear,Express,35.16
SHP100728,62,567.3,Sea,35.14,85.16,Low,Clear,Standard,35.83
SHP100729,254,274.0,Air,69.15,101.04,Medium,Cloudy,Standard,11.01
SHP100730,336,164.8,Rail,22.71,88.5,Medium,Clear,Standard,17.75
SHP100731,370,776.0,Rail,73.86,93.62,High,Rainy,Standard,28.02
SHP100732,221,499.1,Rail,43.37,104.24,High,Cloudy,Express,21.87
SHP100733,463,538.8,Rail,58.07,106.75,Medium,Rainy,Standard,21.46
SHP100734,392,965.6,Road,129.38,92.9,Medium,Clear,Standard,22.18
SHP100735,120,963.8,Sea,64.61,94.88,Low,Cloudy,Standard,35.12
SHP100736,342,856.4,Rail,66.79,92.41,High,Clear,Express,26.33
SHP100737,371,191.7,Air,55.58,113.71,Low,Clear,Standard,4.29
SHP100738,180,596.3,Road,69.34,90.72,Medium,Cloudy,Standard,14.56
SHP100739,375,878.8,Road,116.07,90.5,Medium,Cloudy,Standard,20.93
SHP100740,452,377.6,Road,69.75,98.35,Medium,Clear,Express,13.23
SHP100741,413,105.6,Road,48.92,90.68,Low,Rainy,Standard,14.94
SHP100742,386,811.9,Road,101.75,89.7,Low,Clear,Standard,14.55
SHP100743,325,484.4,Road,63.82,87.88,High,Cloudy,Express,17.53
SHP100744,150,566.6,Road,73.67,104.21,Medium,Storm,Standard,18.2
SHP100745,402,982.2,Rail,87.64,103.36,Low,Cloudy,Standard,19.86
SHP100746,195,609.2,Road,75.35,104.5,Medium,Rainy,Standard,22.24
SHP100747,275,427.9,Sea,33.71,108.2,Low,Cloudy,Standard,37.59
SHP100748,171,373.1,Road,30.0,94.79,High,Rainy,Standard,21.15
SHP100749,170,420.5,Road,55.82,112.55,Low,Cloudy,Standard,11.5
SHP100750,95,122.8,Road,16.68,107.0,Low,Cloudy,Standard,9.39
SHP100751,482,795.8,Rail,91.73,109.14,Low,Clear,Standard,23.08
SHP100752,91,838.5,Road,97.48,106.63,Medium,Cloudy,Standard,17.72
SHP100753,61,288.0,Rail,15.32,95.75,Medium,Clear,Express,15.75
SHP100754,470,307.3,Sea,35.84,93.49,Medium,Storm,Standard,42.26
SHP100755,286,875.0,Road,94.08,97.68,Medium,Clear,Standard,18.23
SHP100756,230,28.9,Rail,15.0,87.91,Low,Clear,Standard,12.63
SHP100757,374,522.9,Road,78.64,98.54,Low,Rainy,Standard,17.42
SHP100758,204,466.4,Road,57.47,86.29,Low,Clear,Standard,11.03
SHP100759,81,691.7,Road,84.13,85.12,High,Clear,Standard,21.23
SHP100760,370,167.6,Road,21.75,112.94,Low,Cloudy,Standard,11.01
SHP100761,104,670.0,Rail,53.99,105.68,High,Clear,Standard,25.12
SHP100762,285,379.9,Rail,38.13,101.86,Low,Clear,Express,17.24
SHP100763,476,620.6,Air,170.26,95.23,Low,Clear,Express,7.76
SHP100764,470,44.9,Road,30.82,102.12,Low,Clear,Express,10.07
SHP100765,193,464.4,Rail,49.1,111.75,Low,Clear,Standard,14.06
SHP100766,395,524.6,Road,86.75,104.57,Medium,Clear,Standard,15.96
SHP100767,314,218.3,Road,35.7,103.07,Medium,Clear,Standard,13.69
SHP100768,250,143.9,Road,36.39,98.81,Low,Clear,Express,11.41
SHP100769,87,192.5,Rail,15.0,95.37,Medium,Clear,Express,11.33
SHP100770,201,347.4,Sea,21.0,105.96,Medium,Cloudy,Express,33.27
SHP100771,333,101.3,Road,31.69,114.43,High,Cloudy,Standard,20.01
SHP100772,494,947.6,Rail,82.34,97.74,High,Clear,Express,26.15
SHP100773,22,408.0,Air,98.58,96.77,Medium,Clear,Standard,7.81
SHP100774,365,809.9,Air,203.06,97.84,High,Rainy,Express,18.93
SHP100775,427,974.5,Rail,99.37,97.77,Medium,Cloudy,Standard,26.46
SHP100776,477,85.3,Rail,27.7,114.72,Medium,Clear,Standard,20.55
SHP100777,223,653.4,Rail,60.24,106.2,Medium,Clear,Standard,22.18
SHP100778,76,872.1,Sea,54.21,95.78,Low,Clear,Express,36.26
SHP100779,150,636.1,Road,71.59,96.15,Medium,Rainy,Standard,18.55
SHP100780,429,431.9,Sea,37.94,97.92,High,Rainy,Standard,42.18
SHP100781,442,433.9,Road,69.73,86.1,Low,Rainy,Standard,16.14
SHP100782,326,40.7,Air,23.83,100.83,High,Clear,Standard,8.69
SHP100783,79,536.9,Road,60.77,109.34,High,Clear,Express,17.93
SHP100784,78,993.6,Road,113.18,104.82,Low,Clear,Standard,15.92
SHP100785,250,958.9,Road,126.16,90.95,Medium,Clear,Standard,18.59
SHP100786,302,45.2,Road,15.52,106.84,High,Clear,Express,14.92
SHP100787,35,707.3,Road,77.0,106.58,High,Cloudy,Standard,19.2
SHP100788,350,305.3,Road,36.95,92.88,Low,Clear,Standard,13.41
SHP100789,281,903.5,Road,112.4,103.69,Low,Rainy,Standard,18.9
SHP100790,25,49.9,Road,15.0,103.33,Medium,Clear,Standard,12.54
SHP100791,66,936.2,Air,226.06,110.19,Low,Clear,Standard,9.84
SHP100792,238,838.3,Sea,55.74,89.08,Low,Rainy,Standard,40.49
SHP100793,367,121.9,Rail,32.13,90.85,Low,Cloudy,Standard,16.2
SHP100794,417,64.5,Road,30.97,99.58,Low,Clear,Express,9.64
SHP100795,227,835.5,Road,107.62,86.32,Medium,Cloudy,Express,17.51
SHP100796,162,160.0,Sea,22.9,97.47,Medium,Clear,Express,27.96
SHP100797,485,537.2,Road,92.84,108.65,Medium,Clear,Standard,19.08
SHP100798,240,916.2,Road,108.46,89.46,Medium,Clear,Standard,19.15
SHP100799,171,569.6,Sea,29.6,98.8,Medium,Clear,Express,35.75
SHP100800,232,400.2,Sea,38.27,114.69,Low,Cloudy,Express,32.74
SHP100801,25,447.8,Road,55.86,100.18,Low,Clear,Standard,10.22
SHP100802,165,67.8,Rail,23.5,99.95,Low,Cloudy,Standard,12.75
SHP100803,267,968.9,Road,127.9,101.76,Low,Rainy,Standard,21.32
SHP100804,461,314.1,Air,106.01,90.58,Low,Clear,Standard,6.78
SHP100805,375,193.4,Road,42.08,89.41,Low,Clear,Standard,12.86
SHP100806,395,289.6,Road,51.54,105.32,Low,Clear,Standard,11.91
SHP100807,282,964.6,Rail,74.74,96.87,Medium,Rainy,Express,26.99
SHP100808,73,98.8,Road,16.19,93.7,Medium,Cloudy,Standard,12.78
SHP100809,208,868.0,Rail,68.15,85.94,High,Cloudy,Standard,28.49
SHP100810,499,709.3,Road,103.43,110.38,Medium,Clear,Standard,18.3
SHP100811,41,830.9,Sea,45.59,85.97,Medium,Clear,Express,36.35
SHP100812,442,976.0,Air,249.14,107.5,Low,Cloudy,Express,13.77
SHP100813,349,842.9,Road,107.15,96.46,Medium,Clear,Standard,19.18
SHP100814,156,943.7,Air,231.17,102.96,Low,Cloudy,Standard,12.78
SHP100815,394,131.3,Road,15.0,92.43,Medium,Clear,Standard,13.41
SHP100816,422,796.8,Road,106.32,89.66,Medium,Clear,Express,17.48
SHP100817,40,547.9,Road,70.6,101.0,Medium,Cloudy,Standard,18.72
SHP100818,71,545.8,Sea,46.95,105.87,Low,Clear,Express,33.18
SHP100819,340,899.4,Air,225.64,90.86,Medium,Cloudy,Standard,15.14
SHP100820,500,971.9,Sea,87.38,98.09,High,Clear,Standard,46.09
SHP100821,31,706.3,Sea,41.19,98.34,Medium,Rainy,Standard,38.42
SHP100822,340,485.5,Sea,41.2,91.48,Medium,Rainy,Standard,39.12
SHP100823,85,459.1,Road,58.21,101.95,Medium,Rainy,Standard,17.79
SHP100824,332,389.4,Sea,35.51,89.38,Low,Cloudy,Standard,35.48
SHP100825,319,364.8,Rail,36.26,100.29,Medium,Cloudy,Express,19.52
SHP100826,63,394.5,Road,41.71,88.4,Medium,Cloudy,Standard,12.69
SHP100827,347,94.3,Rail,15.0,99.57,Low,Clear,Express,14.41
SHP100828,451,82.0,Road,32.92,94.35,Low,Clear,Standard,10.57
SHP100829,435,781.0,Road,105.34,98.57,High,Cloudy,Standard,22.33
SHP100830,33,448.8,Road,48.15,98.01,Medium,Clear,Express,14.36
SHP100831,138,931.0,Road,106.93,112.24,Medium,Clear,Express,19.35
SHP100832,135,614.2,Road,77.14,99.7,Medium,Rainy,Standard,19.34
SHP100833,238,40.0,Sea,18.45,109.55,Medium,Clear,Standard,33.37
SHP100834,88,161.7,Rail,15.0,91.77,Medium,Cloudy,Standard,18.5
SHP100835,430,209.8,Rail,25.88,95.56,Low,Cloudy,Standard,19.39
SHP100836,393,975.9,Road,129.23,87.25,Medium,Clear,Standard,21.91
SHP100837,408,222.6,Road,33.11,97.62,Medium,Rainy,Standard,14.75
SHP100838,115,518.2,Road,66.53,105.06,Low,Clear,Standard,16.06
SHP100839,27,936.5,Air,229.83,110.15,Medium,Rainy,Standard,17.41
SHP100840,458,977.3,Road,139.83,101.98,Low,Rainy,Express,18.48
SHP100841,158,240.2,Air,67.72,104.2,Medium,Clear,Express,3.72
SHP100842,335,53.9,Air,32.33,90.32,Medium,Clear,Express,5.69
SHP100843,457,157.8,Rail,47.73,86.12,Medium,Clear,Standard,17.94
SHP100844,37,68.0,Sea,15.0,108.75,Medium,Clear,Standard,31.86
SHP100845,22,199.1,Road,19.24,90.01,High,Clear,Standard,17.12
SHP100846,22,570.7,Sea,36.92,87.74,Medium,Storm,Standard,41.12
SHP100847,95,912.9,Air,214.28,113.13,Medium,Clear,Standard,11.07
SHP100848,44,539.5,Air,136.24,113.91,Medium,Rainy,Standard,12.89
SHP100849,414,627.9,Rail,65.89,103.49,Low,Clear,Standard,18.85
SHP100850,311,205.9,Air,62.12,96.36,Low,Storm,Standard,12.27
SHP100851,491,801.6,Sea,65.86,110.0,Medium,Clear,Standard,37.91
SHP100852,405,619.7,Road,81.64,91.14,Low,Clear,Standard,14.71
SHP100853,483,864.8,Air,216.44,97.88,Medium,Cloudy,Standard,16.72
SHP100854,134,949.1,Air,225.41,95.71,Medium,Clear,Standard,14.53
SHP100855,158,351.2,Road,41.19,112.38,Medium,Rainy,Express,13.39
SHP100856,428,95.1,Sea,31.4,112.59,Low,Clear,Standard,29.22
SHP100857,137,229.8,Road,36.22,104.53,High,Cloudy,Express,15.59
SHP100858,47,440.7,Rail,41.83,88.32,Medium,Cloudy,Express,18.35
SHP100859,341,946.0,Road,111.4,99.47,Medium,Cloudy,Standard,21.61
SHP100860,405,381.4,Road,47.7,92.36,Low,Clear,Standard,12.2
SHP100861,485,771.9,Air,201.12,111.55,Medium,Clear,Standard,14.41
SHP100862,466,542.8,Road,99.79,89.15,Low,Clear,Standard,17.36
SHP100863,77,186.9,Road,32.39,86.63,Medium,Clear,Standard,12.4
SHP100864,391,324.1,Road,49.76,106.13,Low,Clear,Express,7.71
SHP100865,426,654.9,Road,94.0,98.6,High,Rainy,Express,23.21
SHP100866,355,674.5,Air,177.57,110.15,Low,Cloudy,Standard,14.11
SHP100867,414,437.6,Sea,32.0,87.24,Medium,Cloudy,Standard,35.22
SHP100868,423,232.5,Road,54.62,109.03,Low,Clear,Standard,11.92
SHP100869,234,723.3,Rail,61.6,86.12,Medium,Clear,Express,19.7
SHP100870,39,173.0,Road,19.66,85.84,Medium,Cloudy,Standard,12.68
SHP100871,239,937.0,Rail,80.98,98.84,Medium,Clear,Standard,24.31
SHP100872,117,192.0,Road,34.08,91.64,Low,Clear,Express,9.76
SHP100873,74,111.8,Road,15.0,102.81,Low,Clear,Standard,9.03
SHP100874,80,500.2,Road,45.25,85.77,Low,Cloudy,Standard,15.27
SHP100875,355,522.0,Rail,55.93,86.06,High,Storm,Standard,31.31
SHP100876,262,510.7,Road,54.36,106.81,Medium,Clear,Standard,15.3
SHP100877,279,439.5,Road,58.03,91.3,Low,Clear,Standard,11.73
SHP100878,378,994.8,Air,255.06,104.69,High,Clear,Standard,16.16
SHP100879,283,488.8,Air,129.95,107.5,Low,Clear,Standard,8.29
SHP100880,323,480.6,Road,73.43,86.78,Medium,Cloudy,Express,18.27
SHP100881,61,424.7,Air,105.46,108.09,Medium,Clear,Standard,9.31
SHP100882,429,71.5,Sea,40.01,93.05,High,Cloudy,Express,37.47
SHP100883,235,595.0,Road,71.51,96.69,Medium,Clear,Standard,15.78
SHP100884,94,231.8,Rail,23.83,87.6,Medium,Clear,Express,14.62
SHP100885,411,639.4,Road,87.06,110.16,High,Rainy,Standard,26.32
SHP100886,373,55.6,Air,36.29,101.82,Low,Clear,Express,5.97
SHP100887,45,981.5,Road,109.59,100.14,High,Rainy,Standard,28.11
SHP100888,112,471.7,Rail,53.78,114.06,High,Clear,Standard,24.59
SHP100889,27,897.3,Road,95.31,95.04,High,Rainy,Standard,24.81
SHP100890,150,478.2,Road,70.32,111.72,Low,Clear,Standard,12.85
SHP100891,68,65.0,Sea,15.0,106.59,Low,Clear,Express,25.66
SHP100892,361,823.1,Road,108.68,112.86,Medium,Rainy,Express,17.5
SHP100893,271,649.9,Sea,53.33,112.23,Medium,Clear,Express,33.74
SHP100894,491,782.8,Sea,69.28,114.73,Medium,Clear,Standard,40.12
SHP100895,380,431.0,Sea,42.34,88.95,High,Storm,Express,44.36
SHP100896,314,639.7,Road,84.19,108.88,Medium,Cloudy,Express,13.61
SHP100897,264,856.9,Air,205.62,109.13,Low,Cloudy,Standard,11.65
SHP100898,46,632.9,Road,69.89,104.33,Medium,Cloudy,Standard,16.02
SHP100899,53,350.9,Road,28.74,93.37,Low,Rainy,Standard,11.65
SHP100900,316,664.2,Sea,58.5,113.95,Low,Rainy,Standard,37.7
SHP100901,22,673.5,Rail,41.66,91.13,Low,Cloudy,Standard,18.23
SHP100902,40,960.8,Rail,72.33,99.99,High,Clear,Express,24.03
SHP100903,125,374.1,Road,51.36,100.64,Medium,Clear,Standard,15.52
SHP100904,445,428.0,Air,123.47,89.85,Medium,Cloudy,Standard,8.26
SHP100905,240,813.1,Air,186.48,106.68,Medium,Rainy,Standard,12.33
SHP100906,361,508.2,Road,70.25,87.67,Medium,Clear,Express,14.43
SHP100907,217,737.9,Sea,54.42,105.79,High,Clear,Express,40.29
SHP100908,103,462.4,Road,56.83,110.46,High,Clear,Express,17.28
SHP100909,198,219.4,Road,42.25,95.48,Medium,Cloudy,Standard,12.89
SHP100910,64,746.5,Rail,54.05,106.28,High,Rainy,Standard,26.59
SHP100911,390,135.5,Sea,15.0,89.7,Medium,Clear,Standard,33.83
SHP100912,108,202.6,Road,33.24,110.38,Medium,Cloudy,Standard,12.41
SHP100913,201,628.7,Road,76.15,113.56,High,Rainy,Standard,26.02
SHP100914,491,748.5,Road,90.56,89.58,Medium,Rainy,Standard,21.49
SHP100915,304,895.2,Sea,62.84,105.76,Medium,Clear,Standard,39.88
SHP100916,240,276.2,Road,49.81,100.17,Low,Rainy,Standard,18.24
SHP100917,281,115.2,Road,16.5,100.94,Medium,Cloudy,Express,11.03
SHP100918,397,956.3,Sea,88.0,106.19,Medium,Rainy,Standard,44.77
SHP100919,142,158.7,Road,17.97,99.66,Medium,Clear,Standard,13.27
SHP100920,326,201.7,Rail,30.53,103.01,Medium,Cloudy,Standard,20.11
SHP100921,439,294.9,Road,43.18,91.93,Low,Cloudy,Standard,13.8
SHP100922,295,531.7,Air,135.47,96.36,High,Clear,Standard,15.09
SHP100923,234,883.4,Road,108.7,110.96,Low,Clear,Standard,16.65
SHP100924,89,761.7,Road,75.58,88.3,High,Cloudy,Standard,20.94
SHP100925,139,709.6,Road,104.51,102.93,Low,Cloudy,Standard,15.8
SHP100926,475,179.3,Air,58.81,90.53,Medium,Clear,Standard,12.15
SHP100927,280,360.9,Air,92.9,110.4,Medium,Clear,Express,9.25
SHP100928,164,481.0,Road,67.3,102.37,High,Clear,Express,17.61
SHP100929,221,151.7,Road,39.24,97.09,Low,Rainy,Standard,14.3
SHP100930,298,277.1,Sea,36.12,92.49,High,Storm,Standard,43.59
SHP100931,278,311.8,Road,38.28,98.11,Medium,Clear,Standard,13.81
SHP100932,356,131.6,Road,32.35,113.73,Medium,Clear,Standard,14.73
SHP100933,143,552.5,Rail,34.73,100.28,Medium,Clear,Standard,22.63
SHP100934,332,706.5,Road,98.84,99.08,Low,Clear,Standard,14.18
SHP100935,232,74.6,Road,15.0,107.39,Medium,Rainy,Standard,13.92
SHP100936,472,483.7,Road,68.47,96.37,Low,Cloudy,Express,16.84
SHP100937,95,783.3,Road,90.07,97.82,Low,Clear,Standard,15.0
SHP100938,91,749.3,Rail,62.67,95.11,Medium,Clear,Express,22.62
SHP100939,242,816.0,Air,195.03,89.53,Medium,Clear,Standard,13.29
SHP100940,264,451.0,Rail,56.92,106.41,Low,Rainy,Standard,20.61
SHP100941,352,821.5,Road,113.11,111.19,Low,Cloudy,Express,14.88
SHP100942,214,244.5,Air,70.97,112.17,Low,Cloudy,Standard,7.72
SHP100943,459,364.0,Road,52.92,111.42,Low,Clear,Standard,15.52
SHP100944,248,180.5,Air,64.52,98.55,Medium,Rainy,Express,6.49
SHP100945,82,470.1,Road,49.17,93.52,Low,Clear,Standard,11.44
SHP100946,77,395.1,Air,106.83,104.14,High,Rainy,Standard,16.72
SHP100947,488,244.7,Road,63.7,113.64,Low,Rainy,Standard,14.92
SHP100948,84,753.0,Road,91.22,106.81,Low,Clear,Standard,13.68
SHP100949,475,317.3,Road,63.49,99.85,High,Rainy,Standard,23.91
SHP100950,153,276.4,Road,16.02,105.66,Low,Clear,Standard,12.63
SHP100951,64,135.2,Road,16.61,108.18,Medium,Cloudy,Express,9.57
SHP100952,166,441.6,Air,117.86,112.58,High,Clear,Standard,13.62
SHP100953,315,306.4,Air,91.6,107.9,High,Clear,Standard,10.86
SHP100954,225,372.4,Road,42.4,98.0,Medium,Clear,Standard,12.97
SHP100955,397,239.8,Sea,28.67,93.21,Low,Clear,Standard,32.5
SHP100956,313,764.3,Air,172.12,100.0,Medium,Clear,Express,10.94
SHP100957,212,930.4,Sea,62.64,94.85,High,Clear,Standard,42.12
SHP100958,325,500.4,Rail,40.3,113.28,High,Cloudy,Standard,24.24
SHP100959,487,644.8,Rail,78.22,100.24,Low,Clear,Express,16.5
SHP100960,218,867.8,Rail,83.03,99.16,Medium,Clear,Express,22.03
SHP100961,93,998.8,Rail,74.87,95.45,Low,Storm,Express,22.36
SHP100962,216,615.4,Sea,47.73,104.18,Low,Rainy,Standard,35.63
SHP100963,424,890.3,Road,115.6,100.6,Medium,Clear,Standard,16.93
SHP100964,124,909.1,Road,105.25,88.87,Low,Clear,Standard,16.81
SHP100965,476,792.5,Road,102.32,111.08,Low,Cloudy,Standard,14.77
SHP100966,302,463.6,Sea,43.05,95.77,Low,Cloudy,Express,32.56
SHP100967,309,85.7,Road,15.0,97.98,Medium,Clear,Standard,15.25
SHP100968,172,20.7,Rail,15.0,91.17,Low,Cloudy,Standard,16.78
SHP100969,462,479.8,Air,130.44,101.6,Medium,Clear,Express,6.17
SHP100970,37,496.8,Sea,28.11,106.06,Low,Clear,Express,31.03
SHP100971,163,410.3,Road,55.31,111.43,High,Cloudy,Standard,17.59
SHP100972,221,570.3,Air,135.03,86.55,Low,Cloudy,Express,4.96
SHP100973,249,554.4,Sea,56.47,114.2,Medium,Rainy,Standard,39.31
SHP100974,248,837.4,Road,105.42,106.11,Low,Clear,Standard,18.25
SHP100975,91,113.1,Air,31.59,93.53,Low,Clear,Standard,4.51
SHP100976,128,229.1,Road,31.94,91.13,Low,Clear,Express,6.99
SHP100977,65,794.0,Rail,68.52,93.88,Low,Clear,Express,18.46
SHP100978,295,848.6,Road,112.57,111.27,Low,Clear,Standard,12.7
SHP100979,188,994.9,Road,119.75,93.74,Medium,Cloudy,Standard,19.22
SHP100980,292,873.5,Road,114.18,98.88,Medium,Cloudy,Standard,18.62
SHP100981,303,890.4,Road,99.91,106.17,Low,Cloudy,Standard,17.86
SHP100982,357,317.8,Road,39.22,111.16,Medium,Clear,Express,12.4
SHP100983,283,404.7,Rail,42.94,104.76,Medium,Clear,Standard,19.35
SHP100984,331,271.7,Road,43.81,107.59,Low,Cloudy,Express,10.2
SHP100985,302,608.3,Road,83.37,90.2,Medium,Clear,Standard,17.01
SHP100986,333,939.1,Rail,87.68,111.32,Low,Rainy,Standard,25.73
SHP100987,316,347.9,Rail,43.92,93.27,Low,Clear,Standard,17.03
SHP100988,172,559.2,Rail,39.71,88.85,Medium,Cloudy,Express,18.63
SHP100989,138,299.8,Sea,23.48,114.29,High,Rainy,Standard,41.36
SHP100990,398,174.0,Road,27.35,91.05,High,Cloudy,Standard,19.93
SHP100991,184,199.2,Air,56.37,89.1,High,Cloudy,Standard,11.11
SHP100992,284,62.7,Road,15.0,103.78,Medium,Cloudy,Express,10.82
SHP100993,114,949.5,Air,224.92,94.57,Low,Clear,Express,10.87
SHP100994,227,405.9,Sea,21.36,89.0,Low,Cloudy,Express,29.72
SHP100995,274,835.0,Air,202.2,103.03,Low,Rainy,Standard,16.65
SHP100996,321,682.9,Rail,72.99,107.77,Low,Storm,Express,21.95
SHP100997,273,196.0,Rail,28.92,108.8,Low,Clear,Standard,14.63
SHP100998,193,179.6,Road,16.55,89.67,Medium,Clear,Standard,11.02
SHP100999,482,812.9,Rail,78.23,101.71,Low,Rainy,Standard,28.27
SHP101000,266,268.4,Air,63.7,109.41,Low,Cloudy,Standard,5.76
SHP101001,408,913.7,Sea,54.89,89.83,Medium,Clear,Express,37.86
SHP101002,374,144.4,Road,33.28,91.23,Medium,Clear,Express,10.7
SHP101003,288,679.3,Road,89.58,85.07,High,Clear,Standard,21.67
SHP101004,446,815.4,Rail,84.43,100.74,Low,Clear,Standard,21.01
SHP101005,81,239.1,Road,33.73,90.84,Medium,Clear,Express,10.3
SHP101006,463,279.8,Road,51.91,106.73,Low,Clear,Express,4.51
SHP101007,428,964.7,Road,126.14,113.87,Medium,Clear,Express,18.86
SHP101008,262,268.3,Air,65.52,91.26,Low,Rainy,Standard,8.62
SHP101009,372,432.8,Road,61.65,104.47,Low,Clear,Standard,15.1
SHP101010,270,435.4,Road,50.04,91.36,Medium,Clear,Express,15.51
SHP101011,149,256.8,Road,28.29,85.54,Low,Clear,Express,8.24
SHP101012,404,776.9,Sea,62.74,107.76,Low,Clear,Express,36.39
SHP101013,138,773.0,Rail,63.05,98.02,High,Storm,Standard,30.62
SHP101014,171,381.4,Road,72.12,113.4,Low,Rainy,Standard,15.87
SHP101015,269,836.0,Road,94.82,101.03,Medium,Clear,Standard,17.79
SHP101016,422,217.0,Rail,33.94,89.72,Medium,Clear,Express,14.72
SHP101017,204,9.3,Road,15.0,98.49,Low,Clear,Standard,8.4
SHP101018,257,573.3,Rail,50.83,91.09,Medium,Clear,Standard,23.29
SHP101019,40,994.1,Road,110.98,111.34,Low,Clear,Express,14.67
SHP101020,75,43.5,Sea,15.0,105.73,Medium,Clear,Express,31.84
SHP101021,46,212.0,Road,22.04,95.24,Low,Clear,Standard,8.33
SHP101022,54,521.3,Rail,40.27,100.83,Low,Cloudy,Express,17.41
SHP101023,437,810.9,Road,106.68,105.08,Low,Clear,Standard,15.87
SHP101024,424,93.6,Sea,15.0,108.49,High,Clear,Standard,38.05
SHP101025,415,398.3,Sea,35.01,87.4,Medium,Clear,Standard,36.64
SHP101026,46,748.3,Air,169.36,85.68,High,Clear,Standard,16.39
SHP101027,57,374.7,Road,43.43,88.43,Medium,Clear,Express,12.0
SHP101028,154,192.9,Road,31.94,96.85,Medium,Clear,Express,9.28
SHP101029,291,199.5,Air,57.3,99.0,Medium,Clear,Standard,9.35
SHP101030,180,413.0,Air,100.42,89.09,High,Clear,Express,14.04
SHP101031,254,482.0,Road,52.15,97.33,Medium,Rainy,Standard,17.41
SHP101032,103,862.5,Road,102.99,98.25,Medium,Rainy,Standard,17.75
SHP101033,371,644.0,Road,81.15,88.27,Medium,Clear,Express,16.51
SHP101034,170,691.9,Air,173.75,112.5,Medium,Clear,Standard,10.9
SHP101035,52,983.1,Rail,85.87,102.97,Low,Cloudy,Standard,21.41
SHP101036,377,414.8,Rail,46.48,96.66,Medium,Cloudy,Standard,21.95
SHP101037,454,406.3,Rail,43.76,100.21,Low,Clear,Standard,17.28
SHP101038,27,923.7,Road,101.68,94.43,High,Clear,Express,19.73
SHP101039,230,249.6,Road,40.78,110.63,Medium,Clear,Standard,13.28
SHP101040,417,731.2,Road,97.32,102.25,High,Cloudy,Standard,25.97
SHP101041,359,755.8,Air,186.02,99.85,Medium,Clear,Standard,13.12
SHP101042,431,102.3,Road,34.84,112.33,Medium,Clear,Express,9.18
SHP101043,219,470.9,Road,66.09,110.14,Low,Clear,Standard,10.78
SHP101044,199,204.6,Road,29.42,109.38,High,Clear,Standard,17.12
SHP101045,361,189.4,Road,25.19,91.77,Medium,Clear,Standard,11.73
SHP101046,93,466.5,Rail,41.4,89.59,Low,Cloudy,Standard,14.72
SHP101047,135,293.0,Road,33.27,105.7,Low,Cloudy,Standard,12.68
SHP101048,309,797.1,Road,102.94,99.06,Low,Clear,Standard,17.31
SHP101049,341,908.1,Air,226.27,105.51,Medium,Clear,Standard,13.67
SHP101050,77,803.7,Road,79.91,107.82,Medium,Rainy,Standard,20.72
SHP101051,264,269.7,Road,41.78,93.86,High,Clear,Express,16.13
SHP101052,195,277.8,Road,42.58,93.54,Medium,Clear,Standard,14.52
SHP101053,261,258.5,Air,75.65,99.72,Medium,Clear,Standard,9.23
SHP101054,481,139.4,Road,37.61,93.21,Medium,Rainy,Standard,12.25
SHP101055,56,944.1,Air,206.77,105.02,High,Rainy,Standard,19.41
SHP101056,498,405.0,Sea,54.22,107.4,High,Rainy,Express,42.47
SHP101057,236,228.6,Rail,30.6,99.16,Low,Cloudy,Express,13.4
SHP101058,391,847.4,Road,103.52,106.71,High,Clear,Express,21.6
SHP101059,224,402.2,Air,97.1,100.31,Medium,Clear,Standard,10.52
SHP101060,169,39.9,Road,15.0,106.39,High,Clear,Standard,15.42
SHP101061,390,166.1,Road,40.31,91.75,High,Cloudy,Standard,20.97
SHP101062,350,641.1,Rail,61.34,107.17,Medium,Cloudy,Express,22.74
SHP101063,89,784.0,Road,97.04,106.45,Low,Clear,Standard,14.61
SHP101064,359,214.9,Road,26.94,93.0,Medium,Rainy,Express,14.33
SHP101065,382,917.8,Road,111.16,101.68,Low,Clear,Standard,12.76
SHP101066,206,851.7,Road,90.32,110.66,Medium,Clear,Standard,18.0
SHP101067,465,849.1,Road,106.77,92.49,Low,Clear,Express,13.17
SHP101068,328,231.5,Rail,43.01,107.08,Medium,Rainy,Standard,21.51
SHP101069,180,55.3,Sea,25.7,113.62,High,Rainy,Standard,39.04
SHP101070,25,868.1,Road,100.17,110.99,Low,Clear,Standard,16.37
SHP101071,344,309.3,Rail,34.03,97.05,Medium,Storm,Express,25.98
SHP101072,120,620.8,Road,72.54,103.22,Medium,Rainy,Standard,18.82
SHP101073,383,761.2,Road,106.53,114.75,Medium,Rainy,Express,23.42
SHP101074,272,132.7,Road,15.95,102.05,Low,Rainy,Standard,13.36
SHP101075,244,781.9,Road,91.18,88.45,Low,Clear,Standard,13.43
SHP101076,98,938.8,Road,115.16,86.36,Medium,Rainy,Standard,20.55
SHP101077,362,729.7,Road,90.51,108.71,Medium,Cloudy,Standard,18.52
SHP101078,99,444.0,Road,47.85,97.71,Medium,Cloudy,Express,14.22
SHP101079,220,877.3,Rail,74.46,92.4,Low,Clear,Express,17.24
SHP101080,422,529.8,Road,78.77,95.43,Medium,Cloudy,Express,15.24
SHP101081,462,746.0,Road,99.63,107.72,Medium,Storm,Express,23.28
SHP101082,495,821.4,Road,113.0,98.96,Low,Clear,Standard,16.63
SHP101083,480,750.6,Rail,83.81,111.05,Medium,Storm,Standard,31.57
SHP101084,287,291.4,Road,59.11,107.05,Low,Clear,Express,10.72
SHP101085,116,122.3,Rail,15.0,114.22,Medium,Clear,Standard,18.19
SHP101086,423,242.1,Road,45.94,111.66,High,Clear,Express,15.89
SHP101087,405,505.4,Road,83.77,92.64,Medium,Rainy,Standard,21.49
SHP101088,496,507.8,Sea,46.89,104.77,Medium,Cloudy,Standard,36.15
SHP101089,333,584.7,Road,68.35,85.62,Low,Clear,Standard,12.07
SHP101090,88,398.1,Road,50.68,114.73,Low,Cloudy,Standard,10.19
SHP101091,261,788.0,Road,104.83,92.83,Low,Clear,Standard,15.82
SHP101092,235,913.6,Sea,64.25,104.94,Medium,Clear,Standard,41.79
SHP101093,425,250.5,Rail,37.76,110.47,High,Rainy,Standard,24.82
SHP101094,208,737.8,Rail,53.05,89.81,Low,Cloudy,Standard,19.56
SHP101095,178,679.6,Sea,46.4,110.44,Low,Rainy,Standard,37.33
SHP101096,58,525.5,Road,67.51,85.37,Low,Cloudy,Standard,14.17
SHP101097,421,192.6,Sea,20.83,98.26,Medium,Storm,Standard,40.2
SHP101098,383,796.3,Road,102.98,99.16,Medium,Clear,Express,16.15
SHP101099,39,960.8,Rail,70.38,96.22,Medium,Clear,Standard,20.78
SHP101100,228,723.2,Road,85.3,102.59,High,Clear,Standard,20.58
SHP101101,250,918.3,Road,116.29,112.45,Low,Cloudy,Standard,19.68
SHP101102,245,984.3,Sea,67.24,94.81,Medium,Cloudy,Standard,41.37
SHP101103,462,355.3,Road,63.07,102.38,Medium,Cloudy,Standard,15.2
SHP101104,92,640.0,Sea,33.95,111.32,Low,Clear,Standard,36.18
SHP101105,167,476.6,Road,49.2,108.19,High,Clear,Standard,18.08
SHP101106,107,986.7,Rail,77.93,86.22,Low,Cloudy,Standard,24.39
SHP101107,137,98.3,Sea,15.0,113.28,Medium,Storm,Standard,41.0
SHP101108,456,415.3,Road,77.94,86.4,Medium,Clear,Standard,16.24
SHP101109,472,876.2,Sea,83.09,102.66,High,Clear,Standard,42.19
SHP101110,41,287.6,Rail,37.48,102.26,Medium,Clear,Standard,21.12
SHP101111,324,788.9,Air,190.8,108.59,Low,Clear,Standard,11.32
SHP101112,132,385.9,Road,51.56,89.45,High,Clear,Express,15.54
SHP101113,112,980.1,Rail,82.76,90.38,Medium,Clear,Standard,25.27
SHP101114,160,884.1,Rail,80.15,107.56,Medium,Cloudy,Standard,25.07
SHP101115,113,304.8,Road,35.49,89.49,Medium,Clear,Standard,15.51
SHP101116,255,771.3,Road,105.13,99.08,Low,Clear,Standard,14.5
SHP101117,498,340.2,Road,60.31,106.95,Medium,Clear,Standard,16.27
SHP101118,302,608.3,Sea,48.5,104.54,High,Rainy,Express,40.25
SHP101119,367,660.2,Road,77.23,91.32,Low,Clear,Express,14.41
SHP101120,257,830.4,Air,206.09,94.12,Medium,Clear,Standard,13.11
SHP101121,26,29.3,Sea,15.0,114.07,High,Clear,Standard,35.38
SHP101122,60,224.1,Road,30.54,98.46,Medium,Cloudy,Express,10.83
SHP101123,149,713.4,Road,84.87,86.33,High,Rainy,Standard,23.4
SHP101124,137,565.7,Rail,48.91,91.59,Medium,Clear,Standard,18.7
SHP101125,424,498.1,Road,73.08,95.27,High,Clear,Express,20.03
SHP101126,425,59.9,Rail,29.3,114.98,Low,Clear,Standard,17.41
SHP101127,430,351.5,Rail,43.9,94.08,Medium,Cloudy,Standard,19.8
SHP101128,326,865.8,Rail,66.96,85.79,Medium,Rainy,Standard,27.58
SHP101129,287,35.7,Road,20.83,100.39,Medium,Clear,Standard,12.64
SHP101130,332,399.5,Rail,38.24,87.51,High,Clear,Standard,23.83
SHP101131,215,945.4,Rail,70.03,93.22,Medium,Rainy,Standard,24.12
SHP101132,342,55.6,Road,15.0,114.77,Medium,Cloudy,Standard,10.97
SHP101133,402,751.0,Rail,77.32,106.14,Medium,Clear,Standard,21.94
SHP101134,386,261.3,Sea,30.36,86.52,Medium,Clear,Standard,31.28
SHP101135,315,867.3,Rail,64.03,98.46,Medium,Clear,Express,24.19
SHP101136,47,747.3,Road,80.16,90.15,Low,Rainy,Standard,17.68
SHP101137,368,886.3,Road,120.23,88.69,Medium,Cloudy,Express,18.5
SHP101138,196,219.8,Road,29.95,102.61,High,Cloudy,Standard,14.08
SHP101139,377,533.6,Road,74.52,100.17,Medium,Rainy,Standard,16.43
SHP101140,279,780.4,Road,106.84,107.29,Medium,Clear,Standard,18.33
SHP101141,443,249.5,Sea,39.81,111.77,Medium,Clear,Standard,38.48
SHP101142,182,234.6,Road,40.79,92.4,Medium,Clear,Standard,11.86
SHP101143,468,32.0,Air,15.0,112.69,Low,Rainy,Express,7.15
SHP101144,426,958.7,Road,136.87,100.54,Medium,Cloudy,Express,18.69
SHP101145,179,711.5,Road,89.75,92.77,Medium,Clear,Express,15.28
SHP101146,252,637.4,Road,100.01,110.37,Low,Clear,Standard,16.51
SHP101147,275,745.3,Road,86.81,86.07,Low,Cloudy,Standard,15.72
SHP101148,389,534.0,Air,128.17,101.79,Medium,Cloudy,Standard,10.93
SHP101149,351,478.8,Sea,42.82,106.65,Medium,Cloudy,Standard,39.82
SHP101150,429,452.3,Sea,41.66,93.4,Medium,Clear,Express,34.89
SHP101151,197,642.2,Road,85.48,110.9,Low,Rainy,Express,16.83
SHP101152,262,205.5,Air,66.26,92.21,Medium,Rainy,Standard,9.38
SHP101153,227,888.6,Road,109.16,110.2,Medium,Cloudy,Express,20.18
SHP101154,457,812.7,Sea,61.52,87.36,Medium,Cloudy,Express,39.37
SHP101155,166,352.8,Road,49.22,89.8,Medium,Rainy,Standard,17.53
SHP101156,302,580.7,Road,75.26,96.43,Low,Rainy,Express,15.25
SHP101157,77,145.3,Road,17.38,110.62,High,Cloudy,Standard,15.63
SHP101158,428,972.5,Road,131.42,89.34,Low,Clear,Standard,18.33
SHP101159,204,903.4,Road,119.41,111.26,Medium,Clear,Standard,18.24
SHP101160,183,922.3,Sea,65.05,91.89,Low,Rainy,Standard,41.47
SHP101161,300,335.5,Air,89.39,98.58,Medium,Cloudy,Standard,9.54
SHP101162,259,173.3,Sea,15.0,95.58,Low,Clear,Express,26.4
SHP101163,427,215.7,Road,41.41,88.54,High,Clear,Standard,15.39
SHP101164,275,94.6,Rail,15.0,113.33,Medium,Rainy,Standard,16.71
SHP101165,268,124.5,Road,24.8,98.15,Medium,Rainy,Standard,16.42
SHP101166,70,75.9,Rail,15.0,105.71,Low,Storm,Standard,17.59
SHP101167,30,989.9,Road,110.54,102.26,Low,Clear,Express,14.78
SHP101168,211,78.7,Road,15.0,100.05,Medium,Rainy,Standard,14.89
SHP101169,500,136.9,Rail,23.9,103.5,Medium,Rainy,Express,19.16
SHP101170,461,828.1,Road,122.37,111.95,Medium,Clear,Standard,20.51
SHP101171,322,582.3,Road,72.45,105.98,High,Clear,Standard,21.12
SHP101172,323,775.5,Rail,72.85,100.97,Medium,Storm,Standard,24.93
SHP101173,208,632.8,Road,86.2,104.36,High,Clear,Standard,20.11
SHP101174,105,882.8,Sea,60.24,103.19,Low,Cloudy,Express,35.78
SHP101175,24,640.3,Road,76.82,97.99,Medium,Cloudy,Standard,19.29
SHP101176,182,524.5,Air,131.34,103.74,Medium,Cloudy,Standard,13.74
SHP101177,172,714.2,Rail,66.13,98.31,Medium,Clear,Standard,19.35
SHP101178,112,450.2,Air,118.89,107.73,High,Cloudy,Express,11.24
SHP101179,144,349.3,Air,90.78,114.07,Medium,Clear,Standard,5.67
SHP101180,31,470.3,Sea,15.7,113.8,High,Rainy,Standard,44.15
SHP101181,312,173.9,Rail,23.72,109.62,Medium,Clear,Express,17.47
SHP101182,466,797.6,Road,114.07,103.05,Low,Cloudy,Standard,18.42
SHP101183,352,264.4,Road,40.93,107.48,Medium,Rainy,Standard,17.34
SHP101184,235,157.8,Rail,33.45,90.34,Medium,Clear,Standard,19.52
SHP101185,222,250.1,Road,37.03,99.37,High,Clear,Standard,19.47
SHP101186,167,842.9,Road,99.6,92.72,High,Rainy,Express,25.03
SHP101187,88,333.6,Road,47.54,85.1,Low,Clear,Standard,11.67
SHP101188,307,687.6,Rail,66.03,114.0,Low,Clear,Express,17.09
SHP101189,292,857.1,Road,110.53,110.92,Low,Clear,Standard,17.88
SHP101190,23,82.4,Rail,15.0,100.41,Medium,Rainy,Standard,19.53
SHP101191,219,766.2,Air,174.64,92.62,Low,Cloudy,Standard,10.36
SHP101192,153,311.1,Air,76.8,105.79,Medium,Clear,Standard,7.46
SHP101193,101,220.5,Road,34.52,98.04,Medium,Storm,Standard,20.91
SHP101194,358,690.5,Rail,69.61,109.1,High,Clear,Standard,29.32
SHP101195,272,910.2,Rail,93.51,114.99,Low,Clear,Standard,20.15
SHP101196,324,298.5,Road,36.11,95.47,Medium,Clear,Express,11.95
SHP101197,363,571.0,Rail,46.45,92.33,Low,Clear,Standard,19.58
SHP101198,492,293.4,Road,59.39,93.02,High,Clear,Express,18.11
SHP101199,406,556.5,Sea,53.58,87.8,Low,Cloudy,Standard,35.01
SHP101200,318,623.8,Road,81.18,96.82,Low,Clear,Standard,17.89
